事故编号(序号),事故发生时间,星期,事故地点,桩号,事故类型1,事故类型2,死亡人数,重伤人数,受伤人数,直接财产损失（元）,交通中断时间,天气,道路线型,路口路段类型,事故形态,事故认定原因,交通方式 涉事车辆1,交通方式 涉事车辆2（两车事故填）,交通方式 其它涉事车辆（多车事故时手填）,路表情况,路侧防护设施类型,案情简要
1,2020/1/1 14:07,3,银昆高速公路上行线K1676+600,1676600,伤人事故,两车事故,0,0,1,,无,晴,平直,普通路段,尾随相撞,未与前方车辆保持安全距离,小型货车,小型客车,,干燥,防撞墙,2020年1月1日14时07分凉水井隧管所接交警电话通知，上行线K1676+600处发生一起交通事故，我所巡查人员14时22分赶到现场，交警已到达现场处理。上行线K1676+800处一辆车牌为(云C1W213)的一型货车和一辆车牌为(鲁AP08W3)的一型客车发生追尾占用超车道和行车道，应急车道可缓慢通行，1人轻伤，无路产损失，已上报相关科室及监控中心。14时50分事故车辆驶离现场。当班人员对现场垃圾进行清理，14时53分垃圾清理完毕，收回摆放锥桶，道路恢复正常通行
2,15:00.0,4,G85银昆高速下行线K1716+180M,1716180,轻微事故,两车事故,0,0,0,,无,阴,平直,普通路段,侧面相撞,其他操作不当,大型货车,小型货车,,干燥,防撞墙,2020年1月2日12时15分上高桥隧管所当班负责人张世刚接四中队交警通知下行线K1716+180处发生一起交通事故，我所人员于2020年1月2日12时22分到达现场，当班人员立即协助交警部门对事故进行处理，经询问交警，因（豫AI839U/驾驶员：刘贝贝）超车道行驶中操控不当造成与行车道正常行驶（云C7R501/驾驶员：贺胜华）相撞产生交通事故；现场无路产损失（事故现场路面有少量散落垃圾，驾驶员已自行清理完毕），无人员伤亡，占用应急车道，行车道、超车道正常通行。于13时19分有交警处理完毕后，自行离开现场。该事故共计用时1小时04分。
3,2020/1/20 14:07,1,银昆高速公路上行线K1677+850,1677850,轻微事故,单车事故,0,0,0,3615,无,晴,平直,隧道,撞固定物,其他操作不当,小型客车,,,干燥,其他防护设施,2020年1月20日07时30分凉水井隧管接交警电话通知，上行线小岩脚隧道K1677+850处发生一起交通事故，我所值班人员07时56分赶到现场，位于小岩脚隧道上行线K1677+850处，交警已到达现场处理。现场一辆客车单方肇事，车牌（川A92V2V)占用超车道，行车道可正常通行，无人员伤亡，有路产损失，已通知路政部门并上报相关科室及监控中心。08时19分拖车到达现场对事故车辆进行拖离，08时22分事故车辆拖离现场，交通恢复正常通行。
4,51:00.0,3,G85银昆高速下行线K1701+200M,1701200,轻微事故,单车事故,0,0,0,,无,阴,一般坡,隧道,侧面相撞,机件故障,小型货车,,,干燥,防撞墙,2020年1月22日15时41分上高桥隧管所当班负责人张世刚接四中队交警通知下行线王家坪隧道发生一起交通事故及北闸隧管所协同北闸执勤点交警在下行线北闸隧道入口k1733+400处进行交通临时管制四中队交警通知上高桥收费站和靖安收费站入口进行临时交通管制，我所人员于2020年1月22日15时51分到达现场，当班人员立即协助交警部门对事故进行处理，经询问交警，因（云C1T900/驾驶员：宛通梅）超车道行驶中后轮胎掉落造成单方肇事交通事故；现场无路产损失（事故现场路面有大量散落垃圾，隧管所当班人员清理完毕），无人员伤亡，占用超车道，行车道正常通行。于16时18分交警处理完毕后，交警及隧管所当班人员离开现场，该事故共计用时28分。
5,2020/1/21 18:31,2,银昆高速公路泡桐湾大桥下行线K1679+800,1679800,伤人事故,单车事故,0,0,1,3630,无,阴,平直,普通路段,撞固定物,疲劳驾驶,小型客车,,,干燥,波形防撞护栏,2020年1月21日18时31分当班负责人接交警电话通知，泡桐湾大桥下行线K1679+800处发生一起单方事故，我所巡查人员18时53分赶到现场，交警已到达现场处理。下行线K1679+800处一辆车牌为(云C7N501)一型客车因疲劳驾驶，撞入路面波形护栏板上，事故占据应急车道行车道和超车道能正常通行，1人轻伤，有路产损失，（1）、波形2波板损坏1块，（2）、公里桩号牌1个，（3）、防组挡块损坏4个，（4）、钢立柱损坏1根，（5）、半圆端头损坏1个，已上报相关科室及监控中心并立即联系路政。20时42分事故车辆驶离现场。当班人员对现场垃圾进行清理，20时51分垃圾清理完毕，收回摆放锥桶，道路恢复正常通行，并上报监控中心。
6,2020/1/27 5:45,1,银昆高速公路下行线K1671+700,1671700,轻微事故,单车事故,0,0,0,850,无,阴,平直,桥梁,撞固定物,疲劳驾驶,小型客车,,,干燥,防撞墙,"2020年1月27日05时45分当班负责人接交警电话通知，下行线K1671+700处发生一起单方事故，我所巡查人员06时10分赶到现场，交警已到达现场处理。下行线K1671+700处一辆车牌为(云E1J961)一型客车因疲劳驾驶，撞入路面防撞沙桶上，事故占据超车道,行车道能正常通行，无人员伤亡，有路产损失，（1）、半圆端头1个；（2）、防撞沙桶损坏1个，并已上报相关科室及监控中心并立即联系路政。06时51分事故车辆驶离现场。当班人员对现场垃圾进行清理，07时00分垃圾清理完毕，收回摆放锥桶，道路恢复正常通行，并上报监控中心。"
7,2020/2/9 3:10,7,银昆高速公路上行线K1682+430,1682430,轻微事故,单车事故,0,0,0,1000,无,阴,平直,匝道,撞固定物,疲劳驾驶,小型客车,,,潮湿,防撞墙,2020年2月9日03时10分当班负责人接交警电话通知，悦乐立交上行线K1682+430处发生一起单方事故，我所巡查人员03时20分赶到现场，交警已到达现场处理。一辆小型轿车车牌为(云AV296X)因疲劳驾驶，撞入左侧边坡，不影响正常通行，无人员伤亡，有路产损失，事故造成线型诱导标示牌损坏一块，已上报相关科室并立即联系路政。由于特殊时期，施救车无法赶到现场，交警部门让司乘人员到就近悦乐镇落脚，等待天亮拖离事故车辆。
8,30:00.0,2,G85银昆高速下行线K1728+000M,1728000,轻微事故,单车事故,0,0,0,,22:30-06:39,阴,平直,普通路段,翻车,其他操作不当,大型货车,,,潮湿,防撞墙,2020年2月18日00时30分，上高桥隧管所当班人员对辖区进行融雪剂撒布作业，撒布至上行线K1728+000处发现下行线发生一起交通事故，当班人员随融雪撒布车到北闸隧管所用巡查车辆云A8GS13装载12包融雪剂赶赴现场，于 2020年2月18日02时00分赶到现场，到达现场后发现是一起单方肇事交通事故，该路段已被交警于2020年2月17日23时23分在下行线北闸隧道进口端K1733+400处进行交通管制，当班人员立即对该肇事事故进行了解及配合路政、交警进行现场勘察，肇事车辆为：大型货车，车牌为（鲁M.B0681），因驾驶员操作不当，导致车辆货柜侧翻至超车道，行车道及应急车道，现场无人员受伤；无路产损失。于2020年2月18日18时46分配合交警将该事故处理完毕。
9,30:00.0,2,G85银昆高速下行线K1729+000M,1729000,轻微事故,多车事故,0,0,0,,22:30-06:39,阴,一般弯,桥梁,尾随相撞,其他操作不当,大型货车,大型货车,大型货车,潮湿,防撞墙,2020年2月18日00时30分，上高桥隧管所当班人员对辖区进行融雪剂撒布作业，撒布至上行线K1728+000处发现下行线发生一起交通事故，当班人员随融雪撒布车到北闸隧管所用巡查车辆云A8GS13装载12包融雪剂赶赴现场，于2020年2月18日01时10分赶至下行K1729+000处发现一起多车追尾交通事故，该路段已被交警于2020年2月17日23时23分在下行线北闸隧道进口端K1733+400处进行交通管制，当班人员立即对该肇事事故进行了解及配合路政进行现场勘察，肇事车辆为：大型货车，车牌为（桂B.F2589），由于三车相撞侧翻于超车道及行车道上，超车道，行车道及应急车道有大量花菜掉落，现场无人员受伤；无路产损失，有路面垃圾。垃圾为以下两处：1.长13米宽5米；2.长16米宽11米，投入装载机1辆，保洁人员13人，肇事车辆于2020年2月18日10时12分拖走。
10,30:00.0,2,G85银昆高速下行线K1729+920M,1729920,轻微事故,多车事故,0,0,0,4860,22:30-06:39,阴,一般弯,桥梁,侧面相撞,其他操作不当,大型货车,大型货车,大型货车,潮湿,防撞墙,2020年2月18日00时30分，上高桥隧管所当班人员对辖区进行融雪剂撒布作业，撒布至上行线K1728+000处发现下行线发生一起交通事故，当班人员随融雪撒布车到北闸隧管所用巡查车辆云A8GS13装载12包融雪剂赶赴现场，于2020年2月18日00时40分赶至下行线K1729+920处发现一起车辆追尾交通事故，该路段已被交警于2020年2月17日23时23分在下行线北闸隧道进口端K1733+400处进行交通管制，当班人员立即对该肇事事故进行了解及配合路政进行现场勘察，肇事车辆为：大型货车，车牌为（赣C.8N211四轴，），由于驾驶员操作不当追尾应急车道车辆，导致两车追尾，占用应急车道，行车道、超车道。该事故于10时12分处理完毕，肇事车辆全部托走。
11,30:00.0,2,G85银昆高速下行线K1729+950M,1729950,财产损失事故,多车事故,0,0,0,4860,22:30-06:39,阴,一般弯,桥梁,正面相撞,制动不当,大型货车,大型货车,大型货车,潮湿,防撞墙,2020年2月18日00时30分，上高桥隧管所当班人员对辖区进行融雪剂撒布作业，撒布至上行线K1728+000处发现下行线发生一起交通事故，当班人员随融雪撒布车到北闸隧管所用巡查车辆云A8GS13装载12包融雪剂赶赴现场，于2020年2月18日00时40分赶至下行线K1729+950处发现一起车辆侧翻单方肇事交通事故，该路段已被交警于2020年2月17日23时23分在下行线北闸隧道进口端K1733+400处进行交通管制，当班人员立即对该肇事事故进行了解及配合路政进行现场勘察，肇事车辆为：大型货车，车牌为（川F.98RS3两轴，驾驶员黄文怀15282809008），由于车辆撞向中央防撞墙导致侧翻于超车道及行车道上，占用应急车道，行车道、超车道。现场无人员受伤；有路产损失；现场有路产损失（防眩板损坏27块，路面刮痕有3处，（1）长12.5米（2）长1.6米，宽0.2米，（3）长1.6米。），无人员伤亡，占用应急车道，行车道、超车道。该事故于06时46分处理完毕，肇事车辆全部托走。
12,2020/2/22 11:02,6,银昆高速公路下行线K1677+580,1677580,轻微事故,单车事故,0,0,0,1575,无,晴,平直,隧道,撞固定物,爆胎,小型客车,,无,干燥,其他防护设施,2020年2月22日11时02分，当班巡查人员开展日常巡查，巡查至下行线小岩脚隧道K1677+580处，发现一辆小车（云CC2009）爆胎导致与右侧检修道碰撞，巡查人员立即摆放锥桶警示过往车辆，联系交警、路政部门及施救单位，并上报相关科室及监控中心，现场无人员伤亡，有路产损失，占用行车道，超车道可正常通行。11时25分交警、路政部门到达现场处理，11时52分施救车辆到达现场对事故车辆拖离。12时00分事故车辆已拖离，收回摆放锥桶，道路恢复正常通行。
13,25:00.0,3,G85银昆高速上行线K1728+600M,1728600,财产损失事故,单车事故,0,0,0,3800,无,晴,一般弯,桥梁,翻车,转向不当,小型客车,,,干燥,防撞墙,2020年2月26日12时25分上高桥隧管所接交警通知上行线桥梁群附近发生交通事故，当班人员于12时40分赶赴现场，发现一辆车牌为川KM666的轿车在辖区上行线K1728+600处发生侧翻，占用应急车道及行车道，超车道缓慢通行，现场无人员受伤。当班人员于12时40分赶赴现场后立即摆放安全警示锥桶，有路产损失及路面污染并通知路政和保洁人员；同时上报安全养护室领导（李剑、钟生茂），经领导回复：车流较大做好自身安全，疫情严重做好自我防护工作并配合交警路政处理好现场。拖车于13时47分施救完毕，当班人员组织保洁人员对路面垃圾、油污进行清扫，该事故无人员伤亡，造成路产：造成路产桥梁防撞墙损坏1.7米，宽0.07米；路面垃圾长15米，宽4米，60平方；路面油污长2.2米，宽0.7米，共计2平方。于14时07分道路回复正常通行。共计用时1小时27分
14,20:00.0,5,G85银昆高速上行线K1706+950M,1706950,轻微事故,多车事故,0,0,0,,无,阴,一般坡,隧道,尾随相撞,未与前方车辆保持安全距离,小型客车,小型客车,小型客车,干燥,防撞墙,"2020年2月28日13时20分上高桥隧管所巡查人员巡查至上行线上高桥隧管所K1706+950处，发现一起4车追尾交通事故，我所当班人员立即摆放安全警示锥桶，并联系交警部门处理。经对事故进行了解得知,由于驾驶员杨永三、驾驶云L7N138车辆与前车渝A3ZY57发生追尾事故、导致渝A3ZY57与前车云AU69C1追尾；云AU69C1与前车云C96V58追尾事故,占用超车道、行车道正常通行，悦乐收费站至上高桥收费站之间，无人员伤亡、无路产损失。已上报监控中心、上报安全养护室（李剑、 钟生茂）。领导回复：由于车辆量较大，注意自身安全，协助交警部门处理事故。于2020年2月28日14时05分事故处理完毕，道路恢复正常通行"
15,2020/2/29 0:58,6,银昆高速公路下行线K1677+330,1677330,轻微事故,单车事故,0,0,0,,无,晴,平直,普通路段,撞固定物,疲劳驾驶,小型客车,,,干燥,防撞墙,2020年2月29日00时58分下行线K1677+330处发生一起单方肇事交通事故。（一辆轿车（云A0A04D）因疲劳驾驶与左侧防撞挡墙发生轻微碰撞，现场无人员伤亡，无路产损失，占用行车道和应急车道，超车道可正常通行，巡查人员立即摆放锥桶警示过往车辆，联系交警、路政部门及施救单位，并上报相关科室及监控中心，现场无人员伤亡，有路产损失，占用行车道，超车道可正常通行。1时10分交警部门到达现场处理，2时10分施救车辆到达现场对事故车辆拖离。2时22分事故车辆已拖离，收回摆放锥桶，道路恢复正常通行。
16,50:00.0,7,G85银昆高速上行线K1703+300M,1703300,财产损失事故,两车事故,0,0,0,800,无,晴,一般坡,隧道,尾随相撞,未与前方车辆保持安全距离,小型客车,小型货车,小型客车,干燥,防撞墙,"2020年3月1日13时50分上高桥隧管所接路过驾人员告知，上行线打堡寨2号隧道上行线K1703+300处发生一起两车追尾交通事故,我所当班人员于2020年3月1日14时00分赶赴事故现场，立即摆放安全警示锥桶，经对事故进行了解得知,由于驾驶员刘德培驾驶云AOA6W5车辆操作不当与前车云C5T269发生追尾事故，占用超车道，行车道正常通行，悦乐收费站至上高桥收费站之间，无人员伤亡、有路产损失，路产损失由云AOA6W5车辆造成，路面油污长3米、宽1.3米、共计3.9平方米。已上报监控中心、上报安全养护室（李剑、 钟生茂）。领导回复：由于车辆量较大，注意自身安全，协助交警部门处理事故。于2020年3月1日15时05分施救车辆到达事故现场进行施救，于2020年3月1日15时13分事故处理完毕，道路恢复正常通行。"
17,20:00.0,7,G85银昆高速上行线K1704+200M,1704200,财产损失事故,多车事故,0,0,0,700,无,晴,一般坡,隧道,尾随相撞,未与前方车辆保持安全距离,小型客车,小型客车,小型客车,干燥,防撞墙,"2020年3月1日12时20分上高桥隧管所接交警部门通知，上行线打堡寨2号隧道K1704+200处发生一起三车追尾交通事故,我所当班人员于2020年3月1日12时30分赶赴事故现场，立即摆放安全警示锥桶，经对事故进行了解得知,由于驾驶员冯玉银驾驶云A5ZY58车辆与前车云AT060B发生追尾事故、导致云AT060B车辆与云AG7J83追尾事故, 占用行车道，超车道正常通行，悦乐收费站至上高桥收费站之间，无人员伤亡、路产损失由云A5ZY58车辆造成，损坏电缆沟壁长1.7米、高0.5米。已上报监控中心、上报安全养护室（李剑、 钟生茂）。领导回复：由于车辆量较大，注意自身安全，协助交警部门处理事故。于2020年3月1日13时14分施救车辆到达事故现场进行施救，于2020年3月1日13时29分事故处理完毕，道路恢复正常通行。"
18,25:00.0,3,G85银昆高速下行线K1701+500M,1701500,轻微事故,单车事故,0,0,0,,01:35-02:14,阴,一般坡,隧道,同向刮擦,其他操作不当,小型客车,,,干燥,防撞墙,2020年3月4日01时25分上高桥隧管所当班人员接交警通知下行线隧道内发生交通事故，当班人员于01时32分赶赴现场，发现一辆车牌为云A0313H的轿车在下行线K1701+500处王家坪隧道内与隧道电缆沟壁发生刮擦，占用行车道，超车道正常通行，现场无人员受伤；当班人员立即摆放安全警示锥桶；因需要对该肇事车辆进行施救，于01时35分交警对下行线K1733+400北闸隧道入口处进行交通临时管制，同时关闭靖安收费站、上高桥收费站入口车道。肇事车辆长时占用车道，当班人员协同交警人员对该肇事车辆推移至隧道内应急车道加宽带内等待救援。于02时14分解除临时交通管制，车辆施救完毕，道路恢复正常通行。交通管制时长39分钟。
19,38:00.0,5,G85银昆高速下行线K1703+000M,1703000,轻微事故,两车事故,0,0,0,,无,阴,一般坡,隧道,尾随相撞,未与前方车辆保持安全距离,小型客车,小型客车,,干燥,防撞墙,2020年3月6日18时38分上高桥隧管所当班人员接交警通知下行线打堡寨1号隧道内发生一起交通事故，当班人员于18时48分到达现场，发现一辆车牌为云A3B7B9的被追尾轿车停靠在下行线K1703+000处，现场未发现追尾车辆，疑为肇事逃逸。后经询问云A3B7B9驾驶员黄国勇及交警证实，该事故是由于追尾车辆车速过快及操作不当造成的交通事故，此次事故未造成路产损失，占用行车道，超车道正常通行，现场无人员受伤；当班人员立即摆放安全警示锥桶，并上报监控中心及相关科室领导。该事故未造成路产损失，现场无人员受伤，拖车于19时17分到达现场，19时21分将事故车辆云A3B7B9拖离现场，我所人员于19时24分回收所有警示锥桶，恢复行车道正常通行撤离现场，该事故共计用时46分钟。
20,52:00.0,3,G85银昆高速上行线K1728+600M,1728600,轻微事故,单车事故,0,0,0,,无,晴,一般弯,桥梁,同向刮擦,疲劳驾驶,小型客车,,,干燥,防撞墙,2020年3月11日12时52分上高桥隧管所当班人员接交警通知上行线K1728附近发生一起交通事故，当班人员于13时15分到达现场，发现一辆车牌为云A9515学教练车停靠在上行线K1728+600处，经现场询问及交警证实云A9515学教练车由驾驶员巫剑驾驶，该事故是由于驾驶员疲劳驾驶造成的交通事故，此次事故未造成路产损失，占用行车道及应急车道，超车道正常通行，现场无人员受伤；当班人员立即摆放安全警示锥桶，并上报监控中心及相关科室领导。拖车于14时00分到达现场，14时05分将事故车辆云A9515学拖离现场，我所人员于14时10分回收所有警示锥桶，恢复行车道、应急车道正常通行撤离现场，该事故共计用时1小时18分钟。
21,03:00.0,4,G85银昆高速下行线K1703+800M,1703800,伤人事故,单车事故,0,0,1,10710,09:03-09:36,阴,一般坡,隧道,翻车,其他操作不当,小型客车,,,干燥,防撞墙,"2020年3月12日09时03分上高桥隧管所当班人员在上行线K1713+900接到交警通知：下行线打堡2号隧道内发生一起交通事故，当班巡查人员立即前往靖安收费站调头，于09时28分到达现场，发现一辆车牌为：云A8V7V9的一辆一型客车侧翻在下行线K1703+800处，占用超车道，路面污染严重，交警已通知北闸隧管所在下行线K1733+400处进行交通管制，现场一人轻伤，有路产损失。当班人员立即摆放安全警示锥桶，并上报监控中心及相关科室领导。此次事故造成路产损失：1.现场油污长4米，宽07米，共计2.8平方米。2.路面污染长43米，宽5米，共计215平方。3.电缆沟壁损坏长1.8米，高0.5米。4.隧道立面反光标识损坏长1.8米，高0.5米。5.防撞沙桶损坏1个。于09时35分我所当班人员同到达现场的保洁人员清理完毕K1703+800处行车道路面抛洒物并通知北闸隧管所解除下行线K1733+400处交通管制，静安收费站及上高桥收费站入口解除封闭（共计交通管制33分钟）,现场行车道可以缓慢通行。拖车于10时10分到达现场开始施救，保洁人员暂停清理，于10时20分拖车施救完毕，开始清理现场。于10时45分事故处理完毕，道路恢复正常通行，"
22,35:00.0,7,G85银昆高速下行线K1730+750M,1730750,财产损失事故,单车事故,0,0,0,,无,晴,平直,普通路段,碾压,其他操作不当,中型货车,,,干燥,无防护,2020年3月22日17时35分上高桥隧管所当班人员接到交警通知：上行线K1730+750处发生一起交通事故，当班巡查人员立即前往，于18时00分到达现场，发现一辆车牌为：云C1F646的一辆轻型自卸货车在上行线K1730+750处因操作不当压坏沟盖板，占用应急车道，路面有污染，交警已赶往现场，我所人员配合交警对行车道进行交通管制，现场无人员伤亡，有路产损失。当班人员立即摆放安全警示锥桶，并上报监控中心及相关科室领导。此次事故造成路产损失：.现场油污长2.3米，宽1.2米，共计2.76平方米。2.路面污染长8.7米，宽3米，共计26.1平方。3.沟盖板损坏31块。于19时40分事故处理完毕，道路恢复正常通行，事故处理共计用时2小时05分。
23,2020/3/24 15:09,2,银昆高速公路下行线唐家营隧道K1670+100,1670100,轻微事故,单车事故,0,0,0,610,无,晴,平直,隧道,撞固定物,疲劳驾驶,小型客车,,,干燥,防撞墙,2020年3月24日15时09分，当班负责人接交警电话通知，下行线唐家营隧道内K1670+100处发生一起单方肇事交通事故，当班人员15时12分赶到现场，交警部门已到现场，警示锥桶已摆放，一辆轿车（川A9D99M）因疲劳驾驶与左侧防撞挡墙发生碰撞，现场无人员伤亡，有路产损失，占用超车道，行车道可正常通行，当班人员立即上报相关科室及监控中心，并协助交警部门处理，15时28分施救车辆到达现场对事故车辆拖离，15时36分事故车辆已拖离，当班人员对现场垃圾清理，道路恢复正常通行。
24,00:00.0,6,G85银昆高速下行线K1722+000M,1722000,轻微事故,单车事故,0,0,0,,无,阴,一般弯,普通路段,翻车,其他操作不当,小型客车,,,潮湿,无防护,2020年3月28日22时00分上高桥隧管所当班人员接到交警通知：上行线K1722+000处发生一起交通事故，当班巡查人员立即前往，于22时15分到达现场，发现一辆车牌为：云A5N19D的一辆轿车在上行线K1722+000处，因驾驶员操作不当造成单方肇事交通事故，占用应急车道，交警已赶往现场，我所人员配合交警对该事故进行处置，现场无人员伤亡，无路产损失。于23时40分事故处理完毕，道路恢复正常通行，事故处理共计用时1小时40分。
25,2020/3/29 15:15,7,银昆高速公路上行线K1679+950,1679950,轻微事故,单车事故,0,0,0,2630,无,阴,平直,普通路段,撞固定物,疲劳驾驶,小型客车,,,干燥,其他防护设施,2020年3月29日15时15分，当班负责人接交警电话通知，上行线K1679+950处发生一起单方肇事交通事故，当班人员15时20分赶到现场摆放警示锥桶，交警部门已到现场处理，一辆轿车（云A3H5G0）因疲劳驾驶冲入右侧边坡，现场无人员伤亡，有路产损失，占用应急车道，行车道、超车道可正常通行，当班人员立即上报相关科室，通知路政部门，并协助交警部门处理，15时45分施救车辆到达现场对事故车辆拖离，15时52分事故车辆已拖离，路政部门未到现场，当班人员对现场垃圾清理，统计路产损失，收回摆放锥桶。
26,21:00.0,5,G85银昆高速上行线K1716+500M,1716500,伤人事故,两车事故,0,0,1,14550,无,阴,平直,普通路段,刮撞行人,其他,小型客车,小型客车,,干燥,无防护,2020年4月3日12时21分上高桥隧管所当班人员接到交警通知：上行线K1716+500处发生一起交通事故，当班人员于12时29分到达现场后，发现一辆车牌为：云AQ209T的一辆轿车在上行线K1716+500处，撞向一行人，占用超车道，行车道应急车道正常通行；现场无路产损失有一人受伤，经现场了解已经联系120急救中心。当班人员立即摆放好警示锥桶，并向驾驶员了解情况，该事故是由驾驶员（伍建18387082560）驾驶云C9R789面包车在应急车道停放，车上乘客下车后跑至超车道导致后方车辆（常建雄18387184183）驾驶云AQ209T车辆制动不及时撞向超车道行人。了解情况后当班人员立即上报安全养护室（李剑、钟生茂）并上报监控中心；中心领导要求做好自身防范，配合交警处理现场并做好图文资料收集；于12时50分120医护人员到达现场将伤员救走；于13时34分肇事车辆驶离现场道路恢复正常通行；该事故处理时长1小时13分。
27,2020/4/3 13:40,5,银昆高速公路下行线K1665+450,1665450,其他,单车事故,0,0,0,,无,阴,平直,桥梁,失火,自然灾害,大型货车,,,干燥,防撞墙,2020年4月03日13时40分，当班负责人接交警电话通知，下行线K1665+450处发生一起一辆货车自燃，当班人员14时10分赶到现场摆放警示锥桶，一辆货车（川R65517；川R3721挂）因刹车水不足导致轮胎自燃，现场无人员伤亡，现场消防部门已经扑灭明火，占用应急车道，行车道、超车道可正常通行，当班人员立即上报相关科室，通知路政部门，并协助交警部门处理，14时45分施救车辆到达现场对事故车辆维修，18时20分事故车辆已维修开走，路政部门未到现场，当班人员对现场路产损失统计，收回摆放锥桶。
28,2020/4/5 21:20,7,银昆高速公路下行线四方石隧道内K1666+180,1666180,其他,单车事故,0,0,0,,无,阴,连续下坡,隧道,失火,自然灾害,小型货车,,,干燥,其他防护设施,2020年4月05日21时20分，当班负责人接交警电话通知，下行线四方石隧道内K1666+180处发生一起一辆货车自燃，当班人员21时30分赶到现场摆放警示锥桶，一辆货车（贵CA095L）因刹车水不足导致轮胎自燃，现场无人员伤亡，现场消防部门已经扑灭明火，占用应急车道、行车道，超车道可正常通行，当班人员立即上报相关科室及监控中心，通知路政部门，并协助交警部门处理，22时45分施救车辆到达现场对事故车辆维修，02时05分事故车辆已维修拖走，路政部门未到现场，当班人员对现场路产损失统计，收回摆放锥桶。
29,46:00.0,2,G85银昆高速下行线K1728+300M,1728300,财产损失事故,单车事故,0,0,0,2810,15:13-16:00,阴,平直,桥梁,同向刮擦,其他操作不当,小型客车,,,干燥,防撞墙,2020年4月7日14时46分上高桥隧管所当班人员接到交警通知：下行线K1728+300处发生一起交通事故，于15时10分到达现场，经查看了解得知：车牌为云A383GY一型客轿车操作不当撞向挡墙造成事故，事故有路产损失，无人员伤亡，我所当班人员立即摆放安全警示锥桶，立即上报安全养护室李剑、钟生茂及上报监控中心，交警部门于2020年4月7日15时13分到达事故现场，拖车于2020年4月7日15时31分到达事故现场，路政于2020年4月7日15时44分到达事故现场，该事故造成路产损失有：1.路面垃圾长18米.宽1.3米；2.长15米、宽1米，路面垃圾共计38.4平方米；3、路面油污长2.2米、宽1.1米，共计2.42平方米；4.桥梁防撞墙长1米、宽0.1米，0.1平方米；5、桥梁轮廓标损坏一个。于2020年4月7日15时59分事故处理完毕，于2020年4月7日16时00分解除交通管制，道路恢复正常通行。
30,46:00.0,5,G85银昆高速上行线K1708+900M,1708900,财产损失事故,单车事故,0,0,0,1800,无,阴,一般弯,普通路段,同向刮擦,其他操作不当,大型货车,,,干燥,波形防撞护栏,2020年4月10日17时46分上高桥隧管所当班人员接到交警通知：上行线K1708+950处发生一起交通事故，上高桥隧管所当班人员接到交警通知于17时50分到达现场，经查看了解得知：车牌为云C24599四轴货车驾驶员操作不当撞向波形护栏造成事故，事故有路产损失，无人员伤亡，我所当班人员立即摆放安全警示锥桶，立即上报安全养护室李剑、钟生茂及上报监控中心，拖车于2020年4月10日20时05分到达事故现场，路政于2020年4月10日19时35分到达事故现场，该事故造成路产损失有：1. 路产损失立柱2根。2.路产损失半圆端头。3.路产损失防阻块5块于20时35分拖车拖离现场于20时40分恢复道路正常通行。
31,30:00.0,6,G85银昆高速上行线K1702+680M,1702680,轻微事故,两车事故,0,0,0,,无,阴,一般坡,隧道,尾随相撞,其他操作不当,小型客车,小型客车,,干燥,防撞墙,2020年4月11日12时10分上高桥隧管所当班人员接到交警通知：上行线K1708+950处发生一起交通事故，当班巡查人员立即前往，于12时30分到达现场，立即摆放锥桶警示，经查看：车牌为云C5M633轿车追尾前方轿车云CA2258，占用超车道，应急车道正常通行，无人员伤亡，无路产损失。到达现场摆放锥桶警示立即上报安全养护室钟生茂、李剑和监控中心报备。交警部门于12时37分到达现场，经交警处理两车于12时49分驶离事故现场，事故处理用时22分钟。
32,2020/4/14 10:50,2,银昆高速公路上行线小岩脚隧道出口K1677+900,1677900,轻微事故,两车事故,0,0,0,,无,晴,平直,桥梁,尾随相撞,未与前方车辆保持安全距离,大型货车,大型货车,,干燥,防撞墙,2020年11时40分上行线K1677+900处（小岩脚隧道上行线出口）发生一起两车追尾。（一辆五型货车车牌为甘D52698和一辆一辆五型货车车牌粤BCY519的货车发生追尾，现场无人员伤亡，无路产损失，因车流量较大，经跟交警商量两辆肇事车辆开往加宽车道前去处理。
33,30:00.0,3,G85银昆高速下行线K1702+510M,1702510,财产损失事故,两车事故,0,0,0,1460,无,晴,一般坡,隧道,尾随相撞,未与前方车辆保持安全距离,小型客车,小型客车,,干燥,防撞墙,2020年4月15日16时30分上高桥隧管所当班人员接到交警通知于16时45分到达现场，经查看了解得知：车牌为云C3N817小型客运车辆追尾一辆车牌为云A36S52小型轿车造成事故，致云A36S52小型轿车造成路产损坏。事故有路产损失，无人员伤亡，我所当班人员立即摆放安全警示锥桶，立即上报安全养护室李剑、钟生茂及上报监控中心，拖车于2020年4月15日17时16分拖车到达现场并对事故车辆进行拖离，云A36S52小型轿车于17时26分脱离现在，云C3N817小型客运车辆于18时20分拖离现场，路政部门于17:53分到达现场，巡查人员立即配合路政部门合量路产，路产为（1）防撞沙桶2个（2）立面标记损坏长3米，高0.6米。已上报安全养护室及监控中心，交通事故于18时22分处理完毕，道路恢复正常通行
34,55:00.0,5,G85银昆高速下行线K1699+400M,1699400,轻微事故,单车事故,0,0,0,400,无,阴,一般坡,隧道,同向刮擦,其他操作不当,中型货车,,,干燥,防撞墙,2020年4月17日23时55分上高桥隧管所当班人员接到当班负责人和交警通知：下行线K1699+400处发生一起交通事故，2020年4月18日00时10分到达现场，经查看了解得知：车牌为川R51542三型货车因操作不当造成事故，事故有路产损失，无人员伤亡，我所当班人员立即摆放安全警示锥桶，立即上报安全养护室钟生茂及上报监控中心，交警部门在我所人员赶到时已在达事故现场，拖车于2020年4月18日00时30分到达事故现场，路政未到事故现场，该事故造成路产损失有：1. 防火涂料长2.5米，高2米，2.轮廓灯1盏 。于2020年4月18日01时00分事故处理完毕，道路恢复正常通行。
35,35:00.0,1,G85银昆高速上行线K1702+000M,1702000,轻微事故,两车事故,0,0,0,,无,阴,一般坡,隧道,尾随相撞,未与前方车辆保持安全距离,中型货车,小型客车,,干燥,防撞墙,2020年4月20日11时20分上高桥隧管所当班人员接到交警通知：上行线打堡寨1号隧道K1702+000处发生一起两车追尾交通事故，巡查人员于11时35分到达现场，交警部门于11时44分到达现场，该事故是由渝C8X163小型轿车追尾至豫D72297五型货车，现场无人员伤亡，无路产损失，封闭行车道，超车道正常通行，拖车于12时20分到达现场并对事故车辆进行拖离，12时37分事故车辆已拖离现场，道路恢复正常通行，已上报安全养护室及监控中心，于12时37分交通事故处理完毕。
36,49:00.0,3,G85银昆高速上行线K1719+600M,1719600,轻微事故,单车事故,0,0,0,,无,阴,平直,普通路段,同向刮擦,其他操作不当,小型客车,,,潮湿,无防护,2020年4月30日14时49分上高桥隧管站当班人员接到交警通知：上行线K1719+600处发生一起单方肇事交通事故，巡查人员于15:00分赶到现场，并立即对其摆放警示锥桶，封闭应急车道及部分行车道，超车道正常行驶，现场无人员伤亡，无路产损失，拖车于15时44分赶到现场，于16时00分将事故车辆脱离现场，已上报安全养护室，及监控中心。于16时00分处理完毕，道路恢复正常通行。
37,01:00.0,5,G85银昆高速上行线K1729+350M,1729350,轻微事故,单车事故,0,0,0,,无,阴,平直,普通路段,同向刮擦,其他操作不当,小型客车,,,潮湿,防撞墙,2020年5月1日09时01分上高桥隧管站当班人员接到交警通知：上行线K1729+350处发生一起单方肇事交通事故，当班巡查人员立即前往，巡查人员于09时46分赶到现场，并立即对其摆放警示锥桶，封闭应急车道。行车道，超车道正常行驶，现场无人员伤亡，无路产损失，拖车于10时17分赶到现场，于10时24分将事故车辆脱离现场，已上报安全养护室，及监控中心。于10时26分处理完毕，道路恢复正常通行。
38,01:00.0,5,G85银昆高速下行线K1701+940M,1701940,轻微事故,多车事故,0,0,0,,无,阴,平直,普通路段,尾随相撞,未与前方车辆保持安全距离,小型客车,小型客车,小型客车,干燥,防撞墙,2020年5月1日12时01分上高桥隧管站当班人员接到交警通知：下行线K1701+940处发生一起五车追尾交通事故，当班巡查人员立即前往，巡查人员于12时15分赶到现场，到达现场后其中三车轻微追尾车辆经交警协商自行离开现场，另外两辆车川QAR211及云A5N5V8因追尾严重无法自行离开。我所人员立即对其摆放警示锥桶，封闭超车道。行车道能缓慢正常通行，现场无人员伤亡，无路产损失，拖车于13时00分赶到现场，于13时25分将事故车辆脱离现场，已上报安全养护室，及监控中心。于13时29分处理完毕，道路恢复正常通行。
39,2020/5/20 0:10,3,银昆高速公路上行线K1680+500,1680500,轻微事故,单车事故,0,0,0,,无,晴,平直,普通路段,撞固定物,疲劳驾驶,小型货车,,,干燥,波形防撞护栏,2020年5月20日00时10分，当班负责人接交警电话通知，上行线K1680+500处发生一起单方肇事交通事故，当班人员00时20分赶到现场摆放警示锥桶，交警部门已到现场处理，一辆货车因疲劳驾驶冲入右侧边坡，现场无人员伤亡，无路产损失，占用应急车道，行车道、超车道可正常通行，当班人员立即上报相关科室，并协助交警部门处理，1时11分施救车辆到达现场对事故车辆拖离，1时16分事故车辆已拖离。交通恢复正常通行
40,2020/5/23 20:38,6,银昆高速公路下行线唐家营隧道入口K1670+115,1670115,轻微事故,单车事故,0,0,0,3500,无,阴,连续下坡,隧道,撞固定物,其他操作不当,小型客车,,,干燥,其他防护设施,"2020年5月23日20时38分，当班负责人接交警电话通知，下行线唐家营隧道入口K1670+115处发生一起单方肇事，当班人员20时55分赶到现场，一辆小型轿车车牌为（云A7A97R）因操作不当与隧道入口波形护栏发生碰撞，现场无人员伤亡,有路产损失，肇事车辆已移至隧道应急车道，不影响正常通行，当班人员立即上报相关科室，联系路政部门，并协助交警部门处理，21时18分处理完毕。"
41,2020/6/2 1:12,2,银昆高速公路上行线K1675+300,1675300,轻微事故,多车事故,0,0,0,,无,阴,平直,普通路段,尾随相撞,未与前方车辆保持安全距离,中型货车,大型客车,1辆三型货车、2辆五型货车（豫CS1388、豫CP2736、晋M98973）,干燥,波形防撞护栏,2020年6月2日01时12分上行线K1675+300处发现三辆货车追尾，现场无人员伤亡，无路产损失，肇事车辆停在行车道和超车道上，导致交通临时中断，01时22分巡查人员赶赴现场，并摆放警示标志，02时19分事故处理完毕，交通恢复正常通行。
42,10:00.0,5,G85银昆高速下行线K1701+940M,1701940,财产损失事故,两车事故,0,0,0,5200,17:10-18:13,晴,一般弯,桥梁,尾随相撞,未与前方车辆保持安全距离,小型客车,小型客车,,干燥,防撞墙,2020年6月5日17时10分接北闸隧管站通知辖区下行线Ｋ1727+900处（靖安收费站至北闸收费站之间）发生一起交通事故，巡查人员于17:40分赶到现场，现场已交通管制，交警及拖车已到达现场，该事故是由一辆小型皮卡车（车牌/云C0U190）撞向一辆三型货车（车牌/鲁Q122EM）导致小型皮卡车侧翻在行车道及超车道之间，经现场查看有路产损失：（1）路面垃圾长15米，宽4.5米，共计67平方米，（2）路面油污长4米，宽2.1米，共计8.4平方米，拖车于18:00将事故皮卡车拖走，路面垃圾及油污于18:08清理完毕，该事故于18:10处理完毕，18:13解除交通管制，已上报安全养护室及监控中心。
43,20:00.0,5,G85银昆高速下行线K1702+200M,1702200,轻微事故,单车事故,0,0,0,,14:25-15:27,阴,一般坡,隧道,同向刮擦,其他操作不当,小型货车,,,干燥,防撞墙,2020年6月12日14时20分接交警四中队通知：麻昭高速公路上高桥隧管站辖区下行线隧道内发生一起交通事故，当班人员立即赶赴现场，发现现场是一辆车牌为云A1QB56的130货车单方肇事停放在下行线K1702+200打堡寨1号隧道，占用超车道及部分行车道；导致下行线交通暂时不具备通行条件，于14时25分在北闸隧道入口K1733+400处及靖安服务区K1714+000处进行交通临时管制；当班人员立即上报安全养护室（钟生茂）（李剑）并上报监控中心，；于15时27分拖车到达现场施救完毕，道路恢复正常通行，解除交通临时管制（交通临时管制时长1小时7分）。
44,2020/6/16 16:30,2,银昆高速公路下行线K1687+000,1687000,轻微事故,单车事故,0,0,0,3850,无,阴,连续下坡,普通路段,撞固定物,其他操作不当,小型客车,,,干燥,波形防撞护栏,"2020年6月16日16时30分，当班负责人接交警电话通知，下行线K1687+000处发生一起单方肇事，当班人员17时30分赶到现场，一辆车牌为（川DGZX568）因操作不当导致交通单方肇事，事故车辆停在应急车道上，现场无人员伤亡,有路产损失，不影响正常通行，当班人员立即上报相关科室，联系路政部门，并协助交警部门处理，21时57分处理完毕。"
45,29:00.0,3,G85银昆高速下行线K1732+400M,1732400,伤人事故,两车事故,0,0,2,,12:50-14:20,阴,平直,隧道,尾随相撞,未与前方车辆保持安全距离,小型货车,中型货车,,干燥,防撞墙,2020年6月17日12时49分上高桥隧管站日常巡查中发现麻昭高速公路北闸隧道下行线K1732+400处（靖安收费站至昭通北收费站）两车追尾。该事故是由130货车（云AJ1806）追尾至三型货车（川A1CW70），事故造成2人轻伤，现场无路产损坏，我所人员立即对事故现场摆放安全标示标牌。并通知交警、路政部门及120急救中心。组织人员配合交警部门在下行线K1733+400处进行交通临时管制。120急救中心于13时20分抵达现场，13时30分将伤员施救离开现场。拖车于13时50分到达现场，事故车辆于14时16分拖离现场。保洁人员对现场进行清理。14时20交通临时管制结束，交通恢复正常通行，已上报安全养护室及监控中心。
46,27:00.0,7,G85银昆高速下行线K1724+300M,1724300,轻微事故,单车事故,0,0,0,,无,阴,一般坡,匝道,撞固定物,其他,小型客车,,,干燥,其他防护设施,2020年6月22日08时27分接交警四中队通知上高桥隧管站辖区下行线Ｋ1724+300处（昭通北收费站至靖安收费站之间）一辆车牌为云AJ670F轿车失控冲入自救匝道，当班人员于08时50分赶到事故现场，现场无人员受伤，无路产损失，未占用车道；经现场询问驾驶员因疲劳驾驶导致车辆失控冲入自救匝道；当班人员把该事故情况立即上报安全养护室（钟生茂、李剑）并上报监控中心；09时20分拖车到达事故现场进行救援，于09时53分拖车救援完毕驶离现场，事故处理完毕后，当班人员通知养护单位对自救匝道冲击痕迹进行翻松。
47,45:00.0,1,G85银昆高速下行线K1703+170M,1703170,轻微事故,两车事故,0,0,0,,13：:45-14:45,晴,一般坡,隧道,尾随相撞,未与前方车辆保持安全距离,小型客车,小型客车,,干燥,防撞墙,2020年6月23日13时45分接交警四中队通报麻昭高速公路上高桥隧管站辖区下行线打堡寨2号隧道有一起交通事故，当班人员赶赴现场后发现是在辖区下行线打堡寨2号隧道K1703+170（上高桥收费站至悦乐收费站间）发生一起车牌为云A53968追尾车牌为云JQ6286的两小轿车追尾事故，现场无人员受伤，无路产损失，由于车流较大，并且因施救原因，交警部门在下行线K1733+400处、下行线靖安服务区K1714+000、进行交通管制，当班人员把该事故情况立即上报安全养护室（钟生茂、李剑）并上报监控中心。中心领导回复，做好自身安全防范，按照交通事故处理流程做好信息报送工作。拖车于14时45分施救完毕道路恢复正常通行，交通管制时长1小时。
48,2020-6-23 17时10,2,银昆高速公路下行线K1751+930M,1751930,财产损失事故,单车事故,0,0,0,,,阴,平直,普通路段,撞固定物,超速行驶,小型客车,,,干燥,波形防撞护栏,2020年6月23日17时10分，毛远文，男，47岁，驾驶川A883E2号货车行驶在G85银昆高速麻昭段，17时10分左许，行驶到银昆高速公路下行线K1751+930M处时，因操作不当导致车辆撞击右侧波形护栏，有路产损失，无人员伤亡，事故未造成交通中断。事故认定为：驾驶员超速行驶。
49,25:00.0,2,G85银昆高速下行线K1709+800M,1709800,财产损失事故,两车事故,0,0,0,1700,无,晴,一般弯,普通路段,尾随相撞,未与前方车辆保持安全距离,小型客车,中型货车,,干燥,无防护,2020年6月24日11时25分接交警四中队通报麻昭高速公路上高桥隧管站辖区上行线上高桥隧道出口1公里处有一起交通事故，当班人员赶赴现场后发现是在辖区下行线K1709+800（上高桥收费站至悦乐收费站间）发生一起小轿车追尾一型危险品货车的两车追尾事故，现场两人轻微受伤，有路产损失。危险品车辆装载施工用爆炸药品，货箱无损坏迹象，占用应急车道及行车道，超车道正常通行，现场两人轻伤，交警部门已通知120急救中心进行人员救治，有路产损失，与路政部门联系后路政部门未能到达现场数据由当人员代为核量；当班人员把该事故情况立即上报安全养护室（钟生茂、李剑）并上报监控中心。中心领导回复，做好自身安全防范，现场事故车辆属于易燃易爆物品现场远离火种并按照交通事故处理流程做好信息报送工作。经核量：路产损失1.路面垃圾长10米，宽3米，共计30平方米；2.路面油污长2米，宽0.5米，共计1平方米；于13时35分拖车施救完毕，道路恢复正常通行。该事故处理时长2小时10分
50,2020/6/29 16:47,1,银昆高速公路下行线K1678+700,1678700,其他,单车事故,0,0,0,9690,无,阴,连续下坡,普通路段,失火,自然灾害,大型货车,,,干燥,其他防护设施,"2020年6月29日16时47分，当班负责人接交警电话通知，下行线K1687+000处一辆拖挂车发生自燃，当班人员启动消防车于17时22分赶到现场，一辆车牌为前（贵AB7294）后(贵A8786挂）发生自燃，自燃车辆于17时34分扑灭。事故车辆停在应急车道上，不影响正常通行，我站立即上报相关科室，现场无人员伤亡,有路产损失。由于施救难度较大，施救公司于6月30日凌晨3点施救完毕，道路恢复正常通行。"
51,20:00.0,5,G85银昆高速上行线K1738+200M,1738200,财产损失事故,两车事故,0,0,0,5160,无,晴,平直,普通路段,尾随相撞,未与前方车辆保持安全距离,小型客车,小型客车,,干燥,波形防撞护栏,2020年7月3日11时20分麻昭高速公路上高桥隧管站辖区上行线K1738+200处有一起交通事故，发生一起小轿车两车追尾事故，因路程较远我所人员未赶到现场，损坏路产由北闸执勤点交警提供，现场无人员伤亡，有路产损失。损坏路产：损坏波形护栏（两波板）2块8.6米。
52,2020/7/4 21:53,6,银昆高速公路下行线K1675+500,1675500,其他,单车事故,0,0,0,,无,晴,连续下坡,普通路段,失火,自然灾害,中型货车,,,干燥,波形防撞护栏,2020年7月4日21时52分当班人员接到交警通知下行线K1675+500处发现一辆货车自燃。（我站人员已到现场对自燃车辆进行扑救，现场无人员伤亡，无路产损失，自燃车辆位于悦乐收费站至大关收费站之间，交警已到现场，4时21分事故处理完毕，交通恢复正常通行。
53,2020/7/5 7:10,7,银昆高速公路上行线K1761+000M,1761000,财产损失事故,单车事故,0,0,0,,无,晴,一般弯,普通路段,撞固定物,机件故障,大型货车,,,干燥,其他防护设施,2020年7月5日07时10分，曾伟，男，35岁，驾驶晋APJ5751号货车行驶在G85银昆高速麻昭段，07时10分许，行驶到银昆高速公路上行线K1761+000M处时，因车辆机械故障，导致柴油泄漏，有路产，无人员伤亡，事故未造成交通中断。事故认定为：机械故障。
54,2020/7/8 20:00,3,银昆高速公路上行线K1757+500M,1757500,财产损失事故,单车事故,0,0,0,5220,无,晴,平直,普通路段,撞固定物,疲劳驾驶,小型客车,,,干燥,波形防撞护栏,"2020年7月8日20时00分,接到交警电话G85渝昆高速公路路段上行线K1757+500处有一辆轿车（一型客）在行驶过程中操作失误导致车辆撞击左侧护栏，大口子隧管站人员前往事故现场配合路政部门勘验现场路产并摆放路锥及标志牌。涉及路产的肇事车辆：(云AIUY20，驾驶员：张常标)"
56,50:00.0,4,G85银昆高速下行线K1730+700M,1730700,财产损失事故,单车事故,0,0,0,3200,无,阴,平直,普通路段,碾压,其他意外,中型货车,,,干燥,无防护,2020年7月16日22时50分麻昭高速公路上高桥隧管站辖区上行线K1730+700处（靖安收费站至昭通北收费站间）一辆车牌为川A845NR的一型货（装载水果李子）因驾驶员违规停车，停放在应急车道外压坏排水沟沟盖板导致车轮陷入车辆无法驶离的单方肇事交通事故；当班人员已上报安全养护室（钟生茂、李剑）领导要求做好相关图文记录，做好路产核量工作。交警已到达现场，现场无人员受伤，有路产损坏，当班人员已联系路政部门：（路政部门未到达现场数据由当班人员代为核量）损坏排水沟沟盖板10块，；占用应急车道，超车道行车道正常通行；拖车于7月17日01时50分救援完毕，道路恢复正常通行。共计用时3小时。
57,2020/7/17 20:20,5,银昆高速公路上行线K1743+050M,1743050,财产损失事故,单车事故,0,0,0,11700,,阴,一般弯,普通路段,撞固定物,疲劳驾驶,小型客车,,,潮湿,波形防撞护栏,2020年7月17日20时20分，杨斌，男，36岁，驾驶云A2T13K号轿车行驶在G85银昆高速麻昭段，20时20分许，行驶到银昆高速公路上行线K1743+050M处时，因疲劳驾驶导致车辆撞击右侧波形护栏，造成单方肇事交通事故，有路产损失，无人员伤亡，事故未造成交通中断。事故认定为：疲劳驾驶。
59,25:00.0,5,G85银昆高速下行线K1715+000M,1715000,财产损失事故,单车事故,0,0,0,4220,无,阴,平直,普通路段,正面相撞,疲劳驾驶,小型货车,,,干燥,波形防撞护栏,2020年7月24日04时25分麻昭高速公路上高桥隧管站辖区下行线K1715+000处（靖安收费站至上高桥收费站间）一辆车牌为云C XE099的一型货（空车）因驾驶员疲劳驾驶，撞在超车道防撞墙上，导致车辆停靠在超车道不能行走引发的单方肇事交通事故；当班人员已上报安全养护室（钟生茂、李剑）领导要求做好相关图文记录，做好路产核量工作。交警已到达现场，现场无人员受伤，有路产损坏，当班人员已联系路政部门：（路政部门未到达现场数据由当班人员代为核量）损坏路产防眩板7块，防撞墙刮痕长1.8米，高0.6米，波形护栏2块，防阻块2个，路面油污长3.5米，宽3米、路面垃圾长1.5米，宽2米；占用超车道，行车道应急车道正常通行；拖车于7月24日05时06分救援完毕，道路恢复正常通行。共计用时2小时。
60,2020/7/26 8:58,7,银昆高速公路下行K1746+700M,1746700,轻微事故,单车事故,0,0,0,,无,晴,平直,普通路段,撞固定物,疲劳驾驶,中型货车,,,干燥,波形防撞护栏,2020年7月26日09时10分，杨显强，男，23岁，驾驶云C47833号罐车行驶在G85银昆高速麻昭段，09时10分许，行驶到银昆高速公路下行K1746+700M处时，因操作不当导致车辆撞击左侧波形护栏，造成单方肇事交通事故，有路产损失，无人员伤亡，事故未造成交通中断。事故认定为：驾驶员疲劳驾驶。
61,2020/7/26 18:50,7,银昆高速公路上行线K1689+300,1689300,轻微事故,单车事故,0,0,0,1050,无,晴,平直,隧道,撞固定物,其他操作不当,小型客车,,,干燥,其他防护设施,2020年7月26日18时50分，当班负责人接交警电话通知，胡家湾子2号隧道上行线K1689+300处一辆小型客车车牌为（云CPZ777）发生单方肇事（悦乐收费站至上高桥收费站之间），现场无人员伤亡，有路产损坏；（路产损坏：电缆沟帮损坏2.8米），当班人员于19时05分赶到现场，摆放安全警示标示标牌，并及时上报监控中心及相关科室，交警已到事故现场，事故车辆占用行车道超车道能缓慢通行，事故于19时44分处理完毕。
62,2020/7/30 18:49,4,银昆高速公路上行线K1689+000,1689000,轻微事故,单车事故,0,0,0,1400,无,阴,平直,隧道,撞固定物,其他操作不当,小型客车,,,干燥,其他防护设施,2020年7月30日18时49分，当班巡查人员巡查至，胡家湾子1号隧道上行线K1689+000处一辆小型客车车牌为（川M51B05）处发生一起单方肇事（悦乐收费站至上高桥收费站之间），现场无人员伤亡，有路产损坏；（路产损坏：电缆沟帮损坏3.2米），当班人员于19时17分赶到现场，摆放安全警示标示标牌，并及时上报监控中心及相关科室，交警于19时31分赶赴事故现场，事故车辆占用超车道超车道能缓慢通行，19时49分拖车到达事故现场，20时16分事故车辆拖离事故现场，20时30分事故处理完毕道路恢复正常通行。
63,02:00.0,4,G85银昆高速上行线K1730+800M,1730800,财产损失事故,单车事故,0,0,0,960,无,阴,平直,普通路段,碾压,其他意外,中型货车,,,干燥,无防护,2020年7月30日19时02分接养护单位通知麻昭高速公路上高桥隧管站辖区上行线K1730+800处（靖安收费站至昭通北收费站间）一辆车牌为云C 22918的一型货（空车）因驾驶员张才洪(电话: 15287747411)操作失误导致排水沟盖板损坏，已通知交警、路政，并上报相关科室，现场无人员受伤，有路产损坏，占用应急车道，行车道和超车道正常通行。损坏路产：损坏排水沟盖板3块，于21:00处理完毕，道路恢复正常通行。共计用时1小时58分。
64,50:00.0,7,G85银昆高速下行线K1718+820M,1718820,财产损失事故,单车事故,0,0,0,1350,无,阴,平直,普通路段,侧面相撞,其他操作不当,小型货车,,,干燥,波形防撞护栏,2020年8月2日08时50分上高桥隧管站巡查至麻昭高速公路上高桥隧管站辖区下行线K1718+820处靖安收费站重庆方向匝道（靖安收费站至上高桥收费站间），一辆车牌为云C 0W233的一型货因驾驶员王天玉(电话: 15287708008)操作失误导致交通事故，已通知交警、路政，并上报相关科室及监控中心，现场无人员受伤，有路产损坏，占用应急车道，匝道行车道正常通行。云C 0W233的一型货因驾驶员王天玉(电话: 15287708008)操作失误导致交通事故，已上报安全养护室（钟生茂、李剑）及值班负责人、监控中心，领导要求做好相关图文记录，做好路产核量工作。交警已到达现场，现场无人员受伤，有路产损坏，当班人员配合路政部门对损坏路产进行统计核量，损坏路产：损坏防撞沙桶2个、半圆端头1个，于10时29分处理完毕，道路恢复正常通行。共计用时1小时39分。
65,55:00.0,3,G85银昆高速上行线K1707+350M,1707350,轻微事故,多车事故,0,0,0,,无,阴,一般坡,隧道,尾随相撞,未与前方车辆保持安全距离,小型客车,小型客车,小型客车,干燥,防撞墙,2020年8月5日12时44分接交警通知麻昭高速公路上高桥隧管站辖区上行线K1707+350处（悦乐收费站至上高桥收费站间）一辆车牌为云D GS123的小轿车操作不当撞在前车云C X8521小轿车上，因云C X8521小轿车驾驶员来不及踩停刹车又撞在前车川C IX600的小轿车上造成三车追尾事故，交警已到达现场，现场无人员受伤，无路产损坏，占用超车道，行车道正常通行。当班人员已上报安全养护室（钟生茂）领导要求做好相关图文记录。交警已到达现场，现场无人员受伤，占用超车道，行车道正常通行；拖车于8月5日14时50分救援完毕，道路恢复正常通行。共计用时2小时。
67,00:00.0,1,G85银昆高速上行线K1714+500M,1714500,轻微事故,两车事故,0,0,0,,无,阴,平直,普通路段,尾随相撞,未与前方车辆保持安全距离,小型客车,中型客车,,潮湿,波形防撞护栏,2020年8月17日17时00分接交警电话通知麻昭高速公路上高桥隧管站辖区上行线靖安服务区出口K1714+500处发生一起两车追尾交通事故，白班人员于17:15赶到现场，现场无人员伤亡，无路产路权损坏，交警已到达现场，车辆停靠在应急车道，不影响车辆通行，当班人员已在事故车辆后方摆放警示锥桶，于2020年8月17日17时35分，事故处理完毕，交通恢复正常通行。
68,2020/9/16 15:33,4,银昆高速公路下行线K1757+900,1757900,轻微事故,单车事故,0,0,0,5820,,阴,一般弯,普通路段,,超速行驶,小型客车,,,干燥,波形防撞护栏,2020年9月16日，15时33分，驾驶员驾驶川X3B970号轿车行驶在G85银昆高速麻昭段，15时33分许，行驶到银昆高速公路下行线K1757+900M处时，因操作不当导致车辆撞击右侧波形护栏，造成单方肇事交通事故，有路产损失，无人员伤亡，事故未造成交通中断。事故认定为：驾驶员超速行驶。
69,30:00.0,3,G85银昆高速下行线K1707+400M,1707400,伤人事故,单车事故,0,0,1,2100,无,阴,一般坡,隧道,侧面相撞,其他操作不当,小型客车,,,干燥,防撞墙,2020年9月16日14时30分接交警通知上高桥隧管站辖区下行线处上高桥隧道（上高桥收费站至悦乐收费站间）发生一起单方肇事，一辆牌照为川Q378Z8的一型客轿车，因驾驶员邓宝介(电话: 18716161599)操作失误导致交通事故，我站人员14时31分到达现场摆放安全警示锥桶，已上报安全养护室（钟生茂）及值班负责人、监控中心，已按照领导要求做好相关图文记录，做好路产核量工作。交警已到达现场，现场一人轻伤，有路产损坏，当班人员对路产损坏进行统计核量。现场路产损坏：1.电缆沟壁损坏长1米，高0.4米。2.因该起单方肇事交通事故造成路面垃圾35平方米（长10米，宽3.5米）。于15时43分处理完毕，道路恢复正常通行。共计用时1小时13分。
70,30:00.0,5,G85银昆高速上行线K1711+110M,1711110,伤人事故,单车事故,0,0,1,1200,13:00-13:56,晴,一般弯,桥梁,尾随相撞,未与前方车辆保持安全距离,小型客车,小型客车,,干燥,防撞墙,上高桥隧管站于2020年9月18日12时30分接交警通知上高桥隧管站辖区上行线K1711+110处上高桥收费站至靖安收费站间，发生一起车牌为云A5L5F5追尾云CA7707的面包车交通事故，上高桥隧管站当班人员于12时34分到达事故现场，现场造成路面垃圾长35米，宽2.32米，共计81.2平方，有人员受伤，受伤人员已送医院救治，占用超车道，行车道正常通行。当班人员立即协助交警摆放警示锥桶警示，由于施救及交警测量数据需要于13时00分在上行线K1711+000进行交通临时管制1小时并上报昭阳分处养护安全部钟生茂及监控中心，经56分钟管制后于13时56分该交通事故处理完毕。事故处理完毕后及时上报昭阳分处养护安全部钟生茂及监控中心该交通事故已处理完毕已解除交通管制。
71,2020/9/23 16:25,3,银昆高速公路上行线K1689+780,1689780,轻微事故,两车事故,0,0,0,17863.6,无,晴,平直,隧道,尾随相撞,其他操作不当,大型货车,小型货车,,干燥,其他防护设施,2020年9月23日16时25分，当班巡查人员接到电话通知，上行线K1689+780处一辆车牌为（冀AKB911）六型货操作不当撞上一辆车牌为（川QQ9305）一型货车、（悦乐收费站至上高桥收费站之间），现场无人员伤亡，有路产损坏；（路产损坏：道路排水沟沟盖板1块（铁质）；电缆沟沟盖板损坏8块；电缆沟沟帮损坏12.5米；防水墙涂层损坏4.3m*1.7m合计7.31O；路面油污5.3m*6.6m、合计34.98O；路面垃圾17m*5m、合计85O）。当班人员于16时35分赶到现场，并及时上报监控中心及相关科室，交警于16时30分赶赴事故现场，事故造成交通管制16时50分至18时43分，17时29分拖车到达事故现场，18时20分事故车辆拖离事故现场，18时43分事故处理完毕道路恢复正常通行。
72,2020/9/28 9:56,1,银昆高速公路下行线K1687+490,1687490,轻微事故,单车事故,0,0,0,,无,阴,连续下坡,隧道,撞固定物,其他操作不当,小型货车,,,干燥,其他防护设施,"2020年9月28日09时56分，当班巡查人员接到通知，胡家湾子1号隧道下行线K1687+490处一辆车牌为（川A42WK6）的一型货车因操作不当撞上电缆沟帮上停在行车道上，我站人员立即对行车道进行封闭，超车道能缓慢通行，上高桥收费站至悦乐收费站之间。现场无人员伤亡，有路产损失：1、电缆沟帮损坏长1.45米。交警于10时05分到达现场，我站人员立即上报相关科室及监控中心，事故车辆于12时56分开离现场,13时00分摆放锥桶标示牌已收回道路恢复正常通行。"
73,09:00.0,2,G85银昆高速下行线K1708+420M,1708420,轻微事故,多车事故,0,0,0,,18:10-19:00,阴,一般坡,隧道,尾随相撞,未与前方车辆保持安全距离,小型货车,小型客车,小型客车,干燥,防撞墙,"上高桥隧管站18时00分接四中队交警部门通知，下行线上高桥隧道K1708+420处（涉及站点：上高桥收费站至悦乐收费站之间）发生1起三车追尾事故。18:09当班人员抵达事故现场，经现场勘察。事故无人员伤亡，无路产损坏。占据超车道。当班人员立即在事故现场摆放相关标识标牌，并配合交警部门疏导车辆。因车辆施救需要，交警部门在下行线K1733+300处进行交通临时管制。已上报昭阳分处养护安全部及监控中心，19时00分交通事故处理完毕后及时上报昭阳分处养护安全部及监控中心。
肇事车辆车牌号：云CH7866（一型货）、豫AY368M（一型客）
苏ELS035（一型客）"
74,2020/10/7 15:15,3,银昆高速公路下行线K1664+030,1664030,轻微事故,单车事故,0,0,0,4720,无,阴,连续下坡,普通路段,撞固定物,其他操作不当,小型货车,,,干燥,其他防护设施,2020年10月7日15时15分，当班负责人接到电话通知，下行线K1664+050处一辆二型货车车牌为（云A5Z1B7）发生一起单方肇事（岔河收费站至大关收费站之间），现场无人员伤亡，有路产损坏；当班人员于15时25分赶到现场，协助摆放安全警示标示标牌，并及时上报监控中心及相关科室，事故车辆占用应急车道、超车道、行车道能正常通行，15时45分事故处理完毕。
75,2020/11/8 17:10,7,银昆高速公路下行线K1679+800,1679800,轻微事故,单车事故,0,0,0,13136,无,阴,平直,普通路段,撞固定物,其他操作不当,小型客车,,,干燥,波形防撞护栏,2020年11月8日17时10分，当班负责人接到交警电话通知，下行线K1679+800处一辆一型客轿车车牌为（云C70J70）发生一起单方肇事（悦乐收费站至大关收费站之间），现场无人员伤亡，有路产损坏。当班人员于17时18分赶到现场，协助交警摆放安全警示标示标牌，并及时上报监控中心及相关科室，事故车辆占用应急车道、行车道、超车道能正常通行，17时40分事故处理完毕。
76,00:00.0,5,G85银昆高速下行线K1712+000M,1712000,伤人事故,单车事故,0,0,1,,无,阴,平直,普通路段,侧面相撞,其他操作不当,小型客车,,,潮湿,波形防撞护栏,上高桥隧管站08时00分接四中队交警部门通知，下行线K1712+000处（涉及站点：靖安收费站至上高桥收费站之间）发生1起单方肇事交通事故。08时05分当班人员抵达事故现场，经现场勘察，事故造成1人轻伤，造成路产损坏（造成K1712+100处路产损坏：1.立柱一根。2.波形护栏2块，块/4.3米共计8.6米；3.防阻块2个）。占据应急车道。当班人员立即在事故现场增设安全警示锥桶，并配合交警部门疏导车辆进行处理。08时09分拖车到达现场。已上报昭阳分处养护安全部及监控中心，08时28分交通事故处理完毕，交通恢复正常通行。
77,2020/10/13 10:33,2,银昆高速公路下行线K1747+900M,1747900,轻微事故,单车事故,0,0,0,5920,,晴,平直,桥梁,,超速行驶,小型客车,,,干燥,波形防撞护栏,2020年10月13日10时33分，高家军，男，36岁，驾驶云CX8732号轿车行驶在G85银昆高速麻昭段，10时33分，行驶到银昆高速公路下行线K1747+900M处时，因操作失误导致车辆撞击右侧波形护栏，造成单方肇事交通事故，有路产损失，无人员伤亡，事故未造成交通中断。事故认定为：驾驶员超速行驶。
78,2020/10/14 17:15,3,银昆高速公路下行线K1756+500M,1756500,轻微事故,单车事故,0,0,0,5220,,晴,平直,普通路段,,疲劳驾驶,小型客车,,,干燥,波形防撞护栏,2020年10月14日17时15分，任静雯，女，25岁，驾驶渝A017SD号轿车行驶在G85银昆高速麻昭段，17时15分许，行驶到银昆高速公路下行线K1756+500M处时，因操作失误导致车辆撞击右侧波形护栏，造成单方肇事交通事故，有路产损失，无人员伤亡，事故未造成交通中断。事故认定为：驾驶员疲劳驾驶。
80,25:00.0,7,G85银昆高速上行线K1701+400M,1701400,财产损失事故,单车事故,0,0,0,7920,06:25-13:18,阴,一般坡,隧道,翻车,疲劳驾驶,大型货车,,,干燥,防撞墙,上高桥隧管站06时25分接四中队交警部门通知，上行线王家坪隧道内发生一起单方肇事交通事故，交警部门正在赶赴现场并需要当班人员协助处理。当班人员于06时40分至上行线王家坪隧道入口处时交通已经阻断无法正常通行，于06时50分当班人员步行至上行线K1701+400处事故现场进行查看，肇事车辆是一辆车牌为云G88254的六轴货车侧翻，占用行车道及超车道导致交通受阻无法通行，现场无人员伤亡，有路产损坏（涉及大面积油污并在增长）；当班人员考虑到施救原因在事故现场后方100米处疏导车辆并开启车行横洞卷帘门便于救援车辆快速到达现场；并快速将现场情况与交警共享数据；同时上报监控中心及养护安全部（邓义兴、钟生茂）和当班领导张世刚，并通知路政部门及保洁人员，同时要求驾驶员立即阻止油污的面积扩大；于07时10分交警部门赶到现场并联系了救援单位，由于救援时间较长在交警部门上行线K1701+400处进行截流并于07时27分从大关收费站对所有往昭通方向的车辆进行分流；于08时10分保洁单位到达现场对现场油污进行前期处理；08时30分路政部门到达事故现场当班人员协同路政及驾乘人员对损坏的路产进行核量，经核量：（造成K1701+400处路产损坏：1.电缆沟沟盖板6块。2.电缆沟沟帮长6米。3.路面油污20O。4.损坏防撞沙桶1个。5.损坏轮廓灯2颗），08时50分昭阳分处领导（付开华、邓义兴）到达事故现场对现场进行查看并与交警协商实施救援；08时57分拖车到达现场；09时30分吊车到达现场由于施救原因吊车需要从下行线横穿车行横洞，于09时40分至09时52分在下行线K1713+300处、上高桥收费站入口进行交通临时管制12分钟。10时08分至12时20分两辆吊车、一辆随车吊、一辆四轴货车对肇事车辆装载的工业用牛皮卷纸进行倒装货物；货物倒装完毕后12时54分拖车对事故车辆进行拖离。于13时18分昭阳分处领导和当班人员协助保洁人员对现场油污清理完毕，道路恢复正常通行。交通截流时间6小时53分；在大关收费站分流时间6小时7分，分流客车529辆，货车249辆。
81,2020/10/24 5:30,5,银昆高速公路下行K1764+700M,1764700,财产损失事故,单车事故,0,0,0,5160,09:50-10:10,阴,平直,普通路段,撞固定物,疲劳驾驶,小型客车,,,干燥,波形防撞护栏,2020年10月24日05时30分，熊春宝，男，26岁，驾驶云A9089J号轿车行驶在G85银昆高速麻昭段，05时30分许，行驶到银昆高速公路下行K1764+700M处时，因操作不当导致车辆撞击右侧波形护栏，造成单方肇事交通事故，有路产损失，无人员伤亡，事故造成交通中断，中断时间：09时50分至10时10分。事故认定为：驾驶员疲劳驾驶。
82,2020/10/25 10:10,6,银昆高速公路下行K1745+000M,1745000,财产损失事故,单车事故,0,0,0,11340,05:45-06:21,晴,平直,普通路段,撞固定物,超速行驶,小型客车,,,干燥,波形防撞护栏,2020年10月25日10时10分，余德海，男，36岁，驾驶云A6M72U号轿车行驶在G85银昆高速麻昭段，10时10分许，行驶到银昆高速公路下行K1745+000M处时，因操作不当导致车辆撞击左侧波形护栏，造成单方肇事交通事故，有路产损失，无人员伤亡，事故造成交通中断，中断时间：05时45分至06时21分。事故认定为：驾驶员超速行驶
83,57:00.0,3,G85银昆高速上行线K1713+900M,1713900,财产损失事故,单车事故,0,0,0,5680,无,阴,平直,普通路段,侧面相撞,转向不当,中型货车,,,干燥,波形防撞护栏,上高桥隧管站15时57分接四中队交警部门通知，上行线K1713+900处（涉及站点：上高桥收费站至靖安收费站之间）发生一起单方肇事交通事故，16时05分当班人员抵达事故现场，肇事车辆已开至靖安服务区安全地带，经现场勘察，无人员伤亡，有路产损坏，事故造成：（K1713+900处路产损坏：1.立柱一根。2.波形护栏2块，块/4.3米共计8.6米；3.防阻块3个）。16时28分交通事故处理完毕，当班人员撤离现场，已上报昭阳分处养护安全部。
84,40:00.0,3,G85银昆高速上行线K1733+900M,1733900,财产损失事故,单车事故,0,0,0,6382,19:00-20:10,阴,平直,普通路段,翻车,其他操作不当,小型货车,,,干燥,波形防撞护栏,上高桥隧管站18时40分接昭阳分处领导通知，上行线K1733+900处（涉及站点：靖安收费站至昭通北收费站之间）发生一起单方肇事交通事故，19时05分当班人员抵达事故现场，事故是由于一辆车牌为川A0W883的二轴货车操作不当导致侧翻造成的交通事故，该事故有1人受伤，造成K1733+900处路产损坏：1.路面垃圾长10米、宽1.5米，2.损坏波形护栏（两波板4.3米/块）2块共计8.6米，3.损坏防阻块1个，4.损坏立柱1根，5.路面划痕长2米、宽0.2米。占用应急车道及行车道，堵断交通，交通无法正常通行，当班人员配合交警对上行线K1731+100处进行临时交通管制（管制时间19:00-20:10），在事故现场增设安全警示锥桶，并配合交警部门及路政部门处理事故。已上报昭阳分处养护安全部及监控中心，于23时40分交通事故处理完毕，道路恢复正常通行。
85,25:00.0,4,G85银昆高速上行线K1735+400M,1735400,轻微事故,单车事故,0,0,0,,04:32-04:47,阴,平直,普通路段,正面相撞,其他操作不当,大型货车,,,干燥,其他防护设施,上高桥隧管站02时58分接北闸执勤点交警通知，上行线K1735+400处（涉及站点：靖安收费站至昭通北收费站之间）发生一起单方肇事交通事故，我站人员于03:30分到达事故现场，上高桥隧管站配合交警、路政处理，事故因驾驶员操作不当导致车辆从上行线冲到下行线车道（肇事车牌：晋LE6622、晋LPY62挂），现场有路产损失，无人员伤亡，占用下行线行车道及超车道，导致下行线交通堵塞，对下行线K1735+600处进行临时交通管制。04:32分因施救需要对上行线K1731+100处进行临时交通管制。04:47分因下行线滞留车辆较多，对下行线K1738+300处车辆分流处昭通北收费站。已上报昭阳分处安全养护部领导及监控中心，损坏路产：1.路面油污长4.9米、宽1.5米合计7.35平方，2.损坏钢管预应力索中央活动开口护栏长40米，3.损坏波形护栏立柱1根，4.路面垃圾长10米、宽4米合计40平方，5.损坏防眩板40块。事故于06:20分处理完毕，道路恢复正常通行。
86,30:00.0,5,G85银昆高速下行线K1722+150M,1722150,财产损失事故,单车事故,0,0,0,24,无,阴,平直,普通路段,翻车,其他操作不当,中型货车,,,干燥,无防护,上高桥隧管站02时58分接北闸执勤点交警通知，下行线K1722+150处（涉及站点：昭通北收费站至靖安收费站间）发生一起单方肇事交通事故，我站人员于05时5分到达事故现场，上高桥隧管站配合交警处理，事故因驾驶员操作不当导致车辆侧翻，现场有路产损失，无人员伤亡，占用下行线超车道，已上报昭阳分处安全养护部领导及监控中心，损坏路产：路面划痕长3.1米宽0.1米合计0.31平方。事故于07:29分处理完毕，道路恢复正常通行。
87,2020/12/1 6:12,2,银昆高速公路上行线K1742+200M,1742200,轻微事故,单车事故,0,0,0,,05:50-07:34,晴,平直,普通路段,撞固定物,疲劳驾驶,中型货车,,,干燥,波形防撞护栏,2020年12月1日06时00分，黄震东，男，29岁，驾驶云AH65D6号货车行驶在G85银昆高速麻昭段，06时00分许，行驶到银昆高速公路上行线K1741+200M处时，因操作不当导致车辆撞击中央波形护栏，造成单方肇事交通事故，有路产损失，无人员伤亡，事故早晨交通中断，中断时间：05时50分至07时34分。事故认定为：驾驶员疲劳驾驶。
88,48:00.0,4,G85银昆高速上行线K1719+820M,1719820,财产损失事故,两车事故,0,0,0,4850,无,阴,平直,桥梁,尾随相撞,未与前方车辆保持安全距离,中型货车,中型客车,,潮湿,防撞墙,上高桥隧管站05时48分接四中队交警通知，上行线K1719+820处（涉及站点：靖安收费站至昭通北收费站之间）发生一起两车追尾交通事故，我站人员于06:10分到达事故现场，上高桥隧管站配合交警处理，现场有路产损失，无人员伤亡，占用上行线行车道、应急车道，已上报昭阳分处安全养护部领导及监控中心，损坏路产：1.路面油污长10米、宽2米；2.路面垃圾污染长5.5米、宽3米；于08时55分拖车拖移事故车辆交通恢复正常。
89,25:00.0,3,G85银昆高速下行线K1726+900M,1726900,财产损失事故,单车事故,0,0,0,160,无,阴,平直,普通路段,侧面相撞,其他操作不当,小型客车,,,潮湿,无防护,上高桥隧管站白班当班人员14时25分巡逻至下行线K1726+900处发现一辆一型客车单方肇事事故，肇事车牌：云ＣZ0851，该事故占用应急车道，行车道、超车道正常通行，该事故无人员伤亡，损坏路产：损坏防眩板1块，昭通北收费站至靖安收费站之间，上高桥隧管站及时联系路政、交警部门处理，15时30分事故车辆被拖走，事故处理完毕用时1小时30分，道路交通恢复正常。
90,36:00.0,5,G85银昆高速上行线K1727+200M,1727200,财产损失事故,单车事故,0,0,1,5620,无,阴,平直,普通路段,侧面相撞,其他操作不当,小型客车,,,潮湿,波形防撞护栏,16时36分接养护工人通知上高桥隧管站辖区上行线K1727+200（靖安收费站与昭通北收费站之间）发生一起交通事故，交警已到达现场，当班人员于17时08分赶到现场并立即通知路政部门，现场封闭行车道，超车道正常通行，经现场查看是一辆一型客车（车牌:云A895NT），因驾驶员操作不当撞向波形护栏，现场一人轻微伤，有路产损失，（波形护栏2块，立柱1根，防阻块1块），路政部门于18时03分到达现场，事故车辆于18时06分拖离现场。该事故于18时12分处理完毕。
91,30:00.0,5,G85银昆高速上行线K1714+700M,1714700,财产损失事故,两车事故,0,0,0,1450,无,阴,平直,普通路段,侧面相撞,其他操作不当,大型货车,中型货车,,潮湿,波形防撞护栏,2020年12日08时14分接养护工人通知上高桥隧管站辖区上行线K1714+700（上高桥收费站与靖安收费站之间）发生一起两车追尾交通事故，交警已到达现场，当班人员于08时30分赶到现场并立即通知路政部门，现场封闭行车道，超车道正常通行，经现场查看是一辆五型货车（车牌:冀FRM79挂）因驾驶员操作不当追尾一辆三型货车（车牌:川S98639），现场无人员伤亡，有路产损失，路产损坏：1.路面油污长2.8m、宽4.2m，合计4.2O，2.路面垃圾长9m、宽1m，合计9O，事故车辆于09时25分拖离现场，该事故于09时33分处理完毕。
92,2020/12/24 5:21,4,银昆高速公路下行线K1688+107,1688107,轻微事故,单车事故,0,0,0,,无,晴,平直,隧道,撞固定物,疲劳驾驶,小型货车,,,干燥,其他防护设施,2020年12月24日05时21分，当班负责人接到交警电话通知，下行线K1688+107处一辆一型货车车牌为（甘AT5C15）发生一起单方肇事（上高桥收费站至悦乐收费站之间）现场无人员伤亡，有路产损坏，当班人员于06时15分赶到现场，协助交警摆放安全警示标示标牌，并及时上报相关科室，事故车辆占用应急车道，行车道、超车道能正常通行，08时13分事故处理完毕。
93,2020/12/31 22:50,4,银昆高速公路下行线179+600M,179600,财产损失事故,单车事故,0,0,0,9000,,阴,平直,普通路段,撞固定物,其他操作不当,小型客车,,,潮湿,防撞墙,2020年12月31日23时20分，梁杰，男，40岁，驾驶川Q309Q5号面包车行驶在在G85银昆高速麻昭段，23时20分许，行驶在银昆高速公路下行线179+600M处时，因操作失误导致车辆撞击右侧波形护栏，造成单方肇事交通事故，有路产损失，无人员伤亡，事故未造成交通中断。事故认定为：驾驶员操作不当。
94,2020/12/31 22:50,4,银昆高速公路上行线1754+000M,1754000,财产损失事故,单车事故,0,0,0,8860,,阴,平直,普通路段,撞固定物,其他操作不当,小型客车,,,潮湿,防撞墙,2020年12月31日22时55分，驾驶员驾驶川A8E23H号轿车行驶在在G85银昆高速麻昭段，22时55分许，行驶在银昆高速公路下行线1754+000M处时，因操作失误导致车辆撞击右侧波形护栏，造成单方肇事交通事故，有路产损失，无人员伤亡，事故未造成交通中断。事故认定为：驾驶员操作不当。
95,41:00.0,1,G85银昆高速上行线K1727+500M,1727500,财产损失事故,两车事故,0,0,0,600,无,阴,一般弯,桥梁,尾随相撞,其他操作不当,小型客车,小型客车,,潮湿,防撞墙,2021年01月03日14时04分上高桥隧管站当班人员巡查至上行线K1727+500处发现一起两车追尾的交通事故，当班巡查人员立即摆放安全警示锥桶，经现场查看：该事故是由驾驶员（张明：18602810766）驾驶川A5AD53因驾驶操作失误导致追尾云A10S08的两车追尾交通事故，占用应急车道，行车道超车道正常通行，现场无人员受伤，有路产损失，当班人员立即联系交警、路政、保洁单位；于15时26分拖车到达现场施救完毕，道路恢复正常通行。路政部门未到达现场路产由当班人员核量；该事故造成路产损失：1、路面垃圾长2*2米共计4平方；2、路面油污1*1米共计1平方；3、挡墙擦痕0.5*2共计1平方。
96,2021/1/11 19:17,1,银昆高速公路下行线K1762+700M,1762700,财产损失事故,两车事故,0,0,0,13060,,阴,平直,普通路段,撞固定物,转向不当,中型货车,中型货车,,干燥,防撞墙,"2021年1月11日19时17分,接到交警电话G85银昆高速公路路段下行线K1762+700处有两辆货车（四轴、六轴）在行驶过程中由于后车追尾导致车辆侧翻撞击左侧波形护栏，造成油污污染路面以及波形护栏和路缘石不同程度损坏，大口子隧管站人员立即前往事故现场并摆放路锥及标志牌，有路产，并通知路政。涉及路产的肇事车辆：(渝C86590)"
97,30:00.0,5,G85银昆高速下行线K1705+840M,1705840,轻微事故,两车事故,0,0,0,,23:35-00:05,阴,一般坡,隧道,尾随相撞,其他操作不当,小型客车,小型客车,,潮湿,波形防撞护栏,2021年01月15日23时35分上高桥隧管站当班人员接交警五中队通知辖区下行线打堡寨2号隧道入口（K1705+840）处发生一起两车追尾交通事故，当班人员于2021年01月15日23时50分到达事故现场并摆放安全警示锥桶，经现场查看：该事故是由云C9M116追尾云HYL885的两车追尾交通事故，占用超车道，现场无人员受伤，无路产损失，当班人员配合交警对下行线K1713+500处进行临时交通管制，已上报昭阳分处安全养护部。该事故是由驾驶员（余雄：15398510869）驾驶云C9M116因驾驶操作失误导致追尾云HYL885的两车追尾交通事故，占用超车道，行车道可正常通行，现场无人员受伤，无路产损失，交警已到现场将两车遣至应急车道处理，于2021年01月16日00时05分处理完毕。
98,2021/1/18 18:37,1,银昆高速公路下行K1742+920M,1742920,财产损失事故,单车事故,0,0,0,1020,,晴,平直,桥梁,失火,其他意外,小型货车,,,干燥,其他防护设施,"2021年1月18日10时10分,大口子隧管站巡逻人员道路巡查中发现，G85银昆高速公路路段上行线K1786+550处有一辆五型拖挂车（晋AX7258）在行驶过程中由于操作失误导致车辆撞击左侧防撞墙，大口子隧管站人员立即通知交警部门，并立即对事故现场摆放路锥及标志牌，有路产，并通知路政。涉及路产的肇事车辆：(晋AX7258)"
99,05:00.0,2,G85银昆高速下行线K1731+500M,1731500,财产损失事故,多车事故,0,0,0,2150,11:16-12:46,阴,平直,隧道,尾随相撞,未与前方车辆保持安全距离,小型客车,小型客车,小型客车,干燥,防撞墙,2021年01月19日11时05分上高桥隧管站当班人员接交警五中队通知辖区下行线北闸隧道（K1731+500）处发生一起五车追尾交通事故，当班人员于2021年01月19日11时18分到达事故现场，经现场查看：该事故是由云A962KJ驾驶员操作不当撞向右侧电缆沟壁反弹停在超车道上，云A962KJ后面一车云F12H89紧急制动，云F12H89后面四辆车（依次为云JX2375、云A?J3A16、云A0KA58、川Q902Q5）由于跟车太近连续追尾，占用超车道，现场无人员受伤，当班人员配合交警对北闸隧道口下行线K1731+150处进行临时交通管制，已上报昭阳分处安全养护部。此事故有云A962KJ撞坏电缆沟壁长1.8米，宽0.3米；油污长5.8米，宽1.5米。于2021年01月16日00时05分处理完毕。于2021年01月19日11时58分第一辆拖车到达事故现场，于2021年01月19日12时20分第二、第三辆拖车到达事故现场，于2021年01月19日12时23分保洁人员到达现场清理油污及路面垃圾。事故于12时46分分处理完毕，同时解除交通管制，交通恢复正常。
100,10:00.0,7,G85银昆高速上行线K1733+500M,1733500,财产损失事故,单车事故,0,0,0,2346,无,晴,平直,普通路段,侧面相撞,其他操作不当,小型客车,,,干燥,防撞墙,2021年01月24日17时10分上高桥隧管站当班人员接交警五中队通知辖区上行线K1733+500处发生一起单方肇事交通事故，当班人员于2021年01月24日17时22分到达事故现场，经现场查看：该事故是由云A577HL驾驶员操作不当撞向右侧隔音屏挡墙导致车辆故障，占用应急车道及行车道，现场无人员受伤，有路产损失，当班人员立即联系路政和保洁单位；于18时13分拖车到达现场施救完毕，道路恢复正常通行。路政部门未到达现场路产由当班人员核量，该事故造成路产损失：1.隔音屏挡墙擦伤长10米，宽0.7米。2.隔音屏立柱螺丝损坏2组，3.路面油污3个平方，4.路面垃圾长10米，宽0.5米，共计5平方米。
101,50:00.0,3,G85银昆高速上行线K1724+800M,1724800,轻微事故,两车事故,0,0,0,,无,晴,平直,普通路段,尾随相撞,其他操作不当,小型客车,小型客车,,干燥,波形防撞护栏,2021年01月27日15时50分上高桥隧道管理站当班人员巡逻至辖区上行线K1724+800处发现一起两车追尾交通事故，经现场查看：该事故是由云A3396Z驾驶员操作不当撞向前方行驶车辆（川C81339）导致的交通事故，该事故占用行车道及应急车道，超车道正常通行。现场无人员受伤，无路产损失。当班人员已摆放警示锥桶，并联合交警四中队对该起事故进行处理，于2021年01月27日17时25分处理完毕，道路恢复通行共计用时1时35分。
102,40:00.0,5,G85银昆高速上行线K1731+150M,1731150,轻微事故,单车事故,0,0,0,,无,阴,平直,普通路段,侧面相撞,其他操作不当,小型客车,,,潮湿,波形防撞护栏,2021年01月29日23时35分上高桥隧管站当班人员接交警五中队通知麻昭高速上行线K1731+150处发生一起单方肇事交通事故，当班人员于2021年01月29日23时40分到达事故现场，经现场查看：云C G5920驾驶员操作不当撞向左侧波形护栏造成交通事故，事故占用超车道，现场无人员受伤，有路产损失；当班人员立即上报昭阳分处安全养护部及监控中心。并联系路政和保洁单位，于2021年01月30日00时40分拖车到达现场施救完毕，道路恢复正常通行。路政部门未到达现场路产由当班人员核量，该事故造成路产损坏：K1731+150处路产损坏：防阻块4个、立柱3根、波形护栏两波板 4块、引道照明1盏（路灯）；1731+180 处波形护栏两波板1块、防阻块1个；路面垃圾2平方米。
103,50:00.0,7,G85银昆高速上行线K1706+505M,1706505,轻微事故,单车事故,0,0,0,,无,雨,平直,隧道,侧面相撞,其他操作不当,中型货车,,,潮湿,防撞墙,2021年01月31日08时50分上高桥隧管站当班人员接交警四中队通知麻昭高速上行线K1706+505处（上高桥隧道内）发生一起单方肇事交通事故，当班人员立即赶到事故现场，经现场查看：由川AY7575驾驶员操作不当撞向右侧电缆沟造成交通事故，事故未占用车道（车辆已开到上高桥收费站处理），现场无人员受伤，有路产损失，已通知路政、并上报昭阳分处安全养护部。此事故由川AY7575三轴货车造成路产损坏：一、上行线K1706+505处右侧路产损坏：1.损坏电缆沟沟帮长5米、高0.5米，2.损坏电缆沟盖板10块。二、上行线1706+540处右侧路产损坏： 1.损坏电缆沟沟帮长13米、高0.5米，2.损坏电缆沟盖板38块，3.损坏上行线上高桥隧道内6号消防箱1个，4.损坏电缆线架20个；于2021年01月31日09时40分事故处理完毕，路政部门未到达现场路产由当班人员核量。
104,2021/2/1 2:14,1,银昆高速公路下行线K1688+870,1688870,轻微事故,单车事故,0,0,0,5260,无,阴,平直,隧道,撞固定物,疲劳驾驶,小型货车,,,干燥,其他防护设施,"2021年2月1日02时14分凉水井隧管站站接交警电话通知，四方石隧道上行线K1688+870处发生一起交通事故，我所值班人员02时41分赶到现场，摆放标志牌、警戒桶进行安全提示，交警已02时45分到达现场。现场一辆货车单方肇事，临时车牌（川J49533)占用超车道，行车道可缓慢通行，无人员伤亡，有路产损失:1、电缆沟帮:损坏19m；2、隧道壁刮痕:长9.7m,宽0.7m；3、轮廓灯损坏:1个。已通知路政部门并上报相关科室。03时12分拖车到达现场对事故车辆进行拖离，交通恢复正常通行。"
105,55:00.0,4,G85银昆高速下行线K1716+400M,1716400,财产损失事故,单车事故,0,0,0,15894,无,晴,平直,普通路段,侧面相撞,其他操作不当,小型客车,,,干燥,波形防撞护栏,2021年2月4日14时50分上高桥隧管站当班人员接交警四中队通知麻昭高速下行线K1716+400处发生一起单方肇事交通事故，当班人员于2021年2月4日15时01分到达事故现场，经现场查看：赣B L7N02驾驶员操作不当撞向右侧波形护栏造成交通事故，事故占用超车道，现场无人员受伤，有路产损失；现场查看后立即上报昭阳分处安全养护部及监控中心，并联系路政和保洁单位，于2021年2月4日15时17分拖车到达现场，15时37分路政部门和现场人员核量损坏路产，该事故造成路产损坏：波形护栏两波板5块、立柱6根、防阻块7个、路面刮痕：长4米、宽0.1米、路面垃圾3平方米，15时52分处理完毕，道路恢复正常通行。
106,22:00.0,7,G85银昆高速下行线K1707+700M,1707700,财产损失事故,单车事故,0,0,0,180,11:28-12:39,阴,一般坡,隧道,对向刮擦,其他操作不当,小型客车,,,干燥,防撞墙,"2021年02月07日10时56分麻昭高速公路下行线上高桥隧道内K1707+700(上高桥收费站至悦乐收费站间)车牌为浙C330QK的轿车发生一起单方肇事交通事故，后车云AQ800H因避让不及时撞向电缆沟壁，未造成电缆沟壁损坏,占用行车道。现场无人员受伤；浙C330QK涉及路产损失，1.刮擦掉3个隧道轮廓标。由于施救需要于11时00分在下行线K1713+000处进行临时交通管制。现场查看后立即上报昭阳分处安全养护部及监控中心。于12时39分拖车拖离事故现场，道路恢复正常通行，交通管制结束。"
107,50:00.0,5,G85银昆高速上行线K1732+900M,1732900,轻微事故,单车事故,0,0,0,,14:58-15:20,阴,平直,隧道,对向刮擦,其他操作不当,小型客车,,,干燥,防撞墙,2021年2月12日14时50分上高桥隧道管理站当班人员巡查至上行线K1732+900处发现一起单方肇事交通事故，当班人员立即协助交警部门处理交通事故，该事故为车牌云C9C302的一型客车因操作不当导致车辆撞向电缆沟的单方肇事交通事故，占用超车道，该事故无人员伤亡，无路产损坏，靖安收费站至昭通北收费站之间，当班人员配合交警对上行线北闸隧道入口K1731+100处进行临时交通管制，已上报昭阳分处养护安全部及监控中心，该事故于15时20分处理完毕交通恢复正常通行，交通管制结束。
108,55:00.0,6,G85银昆高速下行线K1730+680M,1730680,轻微事故,单车事故,0,0,0,,无,阴,平直,桥梁,对向刮擦,其他操作不当,小型货车,,,干燥,防撞墙,2021年2月13日00时35分上高桥隧道管理站当班人员接交警四中队电话通知：下行线K1730+680处发生一起单方肇事交通事故，当班人员到现场了解到因驾驶员操作不当导致车辆撞向防撞墙的单方肇事交通事故，占用应急车道，该事故无人员伤亡，无路产损坏，昭通北收费站至靖安收费站之间，由于车辆损坏，当班人员在事故车辆后方摆放警示锥桶，配合交警等待拖车救援，已上报昭阳分处养护安全部，该事故于01时23分处理完毕，交通恢复正常通行，
109,2021/2/15 12:40,1,银昆高速公路上行线K1693+500,1693500,轻微事故,多车事故,0,0,0,,无,晴,平直,隧道,尾随相撞,未与前方车辆保持安全距离,小型客车,小型客车,云CVY021  云AT0G59  云A95T56,干燥,其他防护设施,2021年2月15日12时40分凉水井隧管站站接交警电话通知，上行线K1693+500处发生一起3车连环追尾的交通事故，我所值班人员13时00分赶到现场，交警已到达现场处理，事故车辆转移至应急车道处理。无人员伤亡，无路产损失。14时10分事故处理结束，交通恢复正常通行。
110,2021/2/17 11:50,3,银昆高速公路上行线K1674+400,1674400,轻微事故,多车事故,0,0,0,,无,阴,平直,普通路段,尾随相撞,未与前方车辆保持安全距离,小型客车,小型客车,云C1V183   云CNM311  云CEN060  渝C8V698  云A959U6 云C7D529,干燥,防撞墙,2021年2月17日11时50分凉水井隧管站站接交警电话通知，上行线K1674+400处发生一起6车连环追尾的交通事故，我所值班人员12时00分赶到现场，交警已到达现场处理，事故车辆已在交警指挥下转移到隧道外应急车道处理。12时38分拖车到达现场对最后一辆事故车辆进行拖离，交通恢复正常通行。
111,50:00.0,3,G85银昆高速上行线K1732+100M,1732100,轻微事故,两车事故,0,0,0,,无,阴,平直,隧道,尾随相撞,未与前方车辆保持安全距离,小型客车,小型客车,,干燥,防撞墙,"2021年2月17日12时50分接交警北闸执勤点通知麻昭高速公路上行线K1732+100处(靖安收费站至昭通北收费站）小型汽车发生单两车追尾交通事故，上高桥隧管站迅速赶赴现场协助交警对交通事故进行处理，该事故是因小型客车（云CF7882）行驶途中操作不当追尾小型客车（云A106EA）造成的两车追尾交通事故,事故车辆占用超车道，行车道正常通行，现场无人员受伤，无路产损坏，拖车于13时44分到达现场并对事故车辆进行救援。事故于2021年2月17日14时05分处理完毕，交通恢复正常通行，该事故共计用时1时15分处理完毕。"
112,2020/2/21 22:08,7,银昆高速公路上行线K1743+000M,1743000,财产损失事故,单车事故,0,0,0,3600,,阴,平直,普通路段,碰撞静止车辆,其他操作不当,小型客车,,,干燥,其他防护设施,2021年2月21日22时08分，驾驶员驾驶车辆渝A397EW号货车行驶在G85银昆高速麻昭段，22时08分许，行驶到银昆高速公路上行线K1743+000M处时，因机械故障导致车辆漏油，造成单方肇事交通事故，有路产损失，无人员伤亡，事故未造成交通中断，事故认定为：机械故障。
113,2021/2/27 6:10,6,银昆高速公路上行线K1759+650M,1759650,财产损失事故,单车事故,0,0,0,8660,,晴,平直,普通路段,撞固定物,油门控制不当,小型客车,,,干燥,波形防撞护栏,2021年2月27日06时10分，肖意华，男33岁，驾驶云A8K85Y号面包车行驶在G85银昆高速麻昭段，06时10分许，行驶到银昆高速公路上行线K1759+650M处时，因油门控制不当导致车辆撞击左侧波形护栏，造成单方肇事交通事故，有路产损失，无人员伤亡，事故未造成交通中断。事故认定为：驾驶员油门控制不当。
114,2021/2/17 14:00,3,银昆高速公路上行线K1665+200,1665200,轻微事故,两车事故,0,0,0,6800,无,阴,平直,普通路段,尾随相撞,未与前方车辆保持安全距离,小型客车,小型客车,,干燥,防撞墙,2021年2月17日14时00分凉水井隧管站站接交警电话通知，上行线K1665+200处发生一起2车追尾的交通事故，我所值班人员14时24分赶到现场，交警已到达现场处理，事故占用行车道，超车道可正常通行。无人员伤亡，有路产损失。15时46分事故处理结束，交通恢复正常通行。
115,2021/2/27 9:38,6,银昆高速公路上行线K1671+980,1671980,轻微事故,单车事故,0,0,0,,无,阴,平直,普通路段,撞固定物,其他操作不当,小型客车,,,干燥,防撞墙,2021年2月27日09时38分凉水井隧管站巡查至上行线K1671+980处发现一起交通事故，我所值班人员立即对现场摆放标志牌、警戒桶进行安全提示，并立即联系交警部门，交警于10时00分到达现场。现场一辆一型客车（车牌：云AK2D59）躲避变道车辆，撞击至应急车道处，现场无人员伤亡，无路产损失。10时56分拖车到达现场对事故车辆进行拖离，交通恢复正常通行。
116,50:00.0,6,G85银昆高速上行线K1732+400M,1732400,轻微事故,两车事故,0,0,0,,17:55-19:50,阴,平直,隧道,尾随相撞,未与前方车辆保持安全距离,小型客车,小型客车,,干燥,防撞墙,2021年2月27日17时50分接交警北闸执勤点通知麻昭高速公路上行线K1732+600处(靖安收费站至昭通北收费站之间）发生3起两车追尾交通事故。上高桥隧管站迅速赶赴现场协助交警对交通事故进行处理，于17时55分交警部门在上行线K1731+100北闸隧道入口处进行交通临时管制，于19时40分解除临时交通管制，事故车辆还有两张没脱离现场，行车道正常通行，占用超车道。此次追尾交通事故于20时03分拖离全部事故车辆恢复正常交通，已上报安全养护部及监控中心。
117,2021/3/5 6:53,5,银昆高速公路上行线K1752+200M,1752200,财产损失事故,单车事故,0,0,0,,06:53-08:10,晴,平直,桥梁,失火,其他意外,小型货车,,,干燥,其他防护设施,2021年3月5日06时53分，因证件被烧毁未能找到相关信息，驾驶员驾驶车辆驶行驶在G85银昆高速麻昭段，06时53分许，行驶到银昆高速公路上行线K1752+200M处时，车辆自燃，造成单方肇事交通事故，有路产损失，无人员伤亡，事故造成交通中断，中断时间：06时53分至08时10分。事故认定为：车辆自燃。
118,02:00.0,7,G85银昆高速下行线K1725+890M,1725890,伤人事故,单车事故,0,0,1,8160,无,阴,平直,普通路段,侧面相撞,其他操作不当,小型客车,,,潮湿,波形防撞护栏,2021年3月7日08时02分上高桥隧管站当班人员接交警四中队通知麻昭高速公路下行线K1725+290处发生一起单方肇事交通事故，当班人员于2021年3月7日08时22分到达事故现场，经现场查看：川EFK592驾驶员操作不当撞向右侧波形护栏造成交通事故，事故占用应急车道，行车道、超车道正常通行；现场1人受轻伤，有路产损失；交警、路政已到现场处理，现场查看后上报昭阳分处安全养护部及监控中心；经路政部门和现场人员核量损坏路产：1、损坏波形护栏2块，2、损坏立柱2根，3、损坏防阻块5个，4、损坏半圆端头2个，5、损坏防撞沙桶1个，6、损坏框格梁锚头水泥头1个；该事故于2021年3月7日09时08分处理完毕，道路恢复正常通行。
119,2021/3/19 7:38,5,银昆高速公路下行线K1667+900,1667900,其他,单车事故,0,0,0,,无,阴,平直,普通路段,失火,自然灾害,大型客车,,,干燥,防撞墙,2021年3月19日07时38分凉水井隧管站接交警电话通知下行线K1667+900处一辆运载快递的拖挂车自燃，我所值班人员立即出动消防车对自燃车辆进行施救，交警于07时50分到达现场。现场一辆运载快递的拖挂车（车牌：前湘A77D08，后湘AE712挂）由于轮胎自燃，引发车厢内物品着火，现场无人员伤亡，无路产损失。10时52分拖挂车施救完毕，驶离现场。交通恢复正常通行。
120,2021/3/27 2:08,6,银昆高速公路上行线K1699+100,1699100,轻微事故,单车事故,0,0,0,,无,阴,平直,普通路段,撞固定物,疲劳驾驶,小型客车,,,干燥,防撞墙,2021年3月27日02时08分凉水井隧管站接交警电话通知上行线K1699+100处一辆小型客车发生一起单方肇事，我站人员已赶至现场摆放警示标志，一辆车牌为（川Q396W8）撞至桥梁防撞墙上，交警已到现场处理，事故占用应急车道，行车道可以正常通行，无人员受伤，无路产损失，02时59分事故车辆拖离事故现场，03时07分摆放锥桶标示牌收回，道路恢复正常通行。
121,2021/3/28 22:36,7,银昆高速公路下行线K1671+350,1671350,其他,单车事故,0,0,0,15640,无,阴,平直,普通路段,失火,自然灾害,大型货车,,,干燥,波形防撞护栏,2021年3月28日22时36分凉水井隧管站接交警电话通知下行线K1671+350处一辆运载机械设备的拖挂车自燃，我所值班人员立即出动消防车对自燃车辆进行施救，交警于22时44分到达现场。现场一辆运载机械设备的拖挂车（车牌：渝D68166，）由于轮胎自燃，引发运载货物着火，现场无人员伤亡，有路产损失。03时46分自燃车辆施救完毕，驶离现场。交通恢复正常通行。
122,2021/3/29 11:55,1,银昆高速公路下行线K1693+380,1693380,轻微事故,两车事故,0,0,0,,无,阴,平直,隧道,尾随相撞,未与前方车辆保持安全距离,小型客车,中型客车,,干燥,其他防护设施,2021年3月29日11时55分凉水井隧管站巡查至下行线K1693+380处一辆车牌为（川A0Y9V1）一型客车因操作不当与一辆车牌为（鄂QM85K7）的二型货车发生追尾，我所巡查人员立即摆放锥桶及标示牌，并立即通知交警前来处理，交警于12时05分到达现场，现场无人员伤亡，无路产损失。12时48分小型客车拖离现场，货车驶离现场。12时50分我站人员收回摆放锥桶，12时55分交通恢复正常通行。
123,2021/4/2 17:00,5,银昆高速公路胡家湾子2号隧道上行线K1682+250,1682250,轻微事故,两车事故,0,0,0,,无,晴,平直,隧道,尾随相撞,未与前方车辆保持安全距离,小型客车,小型客车,,干燥,其他防护设施,"2021年4月2日17时00分我站值班负责人接到交警电话胡家湾子2号隧道上行线K1682+250发生一起交通肇事事故，我站人员立即赶赴现场，我站人员于17时34分到达现场，我站巡查人员立即延长锥桶，交警已在现场处理，经查看事故现场其中一辆已自行开出隧道等待处理，一辆小车车牌为（云A000DR）受损较严重，无法移动，事故车辆占用行车道，超车道正常通行，我站人员已摆放相关警示标志，无人员伤亡，无路产损失,17时58分拖车到达现场，18时00分事故车辆已拖离事故现场，18时06分事故车辆已拖离现场收回摆放锥桶，18时06分道路恢复正常通行。"
124,50:00.0,5,G85银昆高速下行线K1707+800M,1707800,伤人事故,两车事故,0,0,1,,10:38-11:08,阴,一般坡,隧道,尾随相撞,未与前方车辆保持安全距离,小型客车,小型客车,,干燥,防撞墙,2021年4月3日10时30分上高桥隧管站当班人员接交警四中队通知麻昭高速公路下行线K1707+800处发生一起两车追尾交通事故，当班人员于2021年4月3日10时50分到达事故现场，经现场查看：云C 83515驾驶员操作不当追尾前车（当班人员到现场时已拖走）造成交通事故，事故占用超车道，由于施救需要，10时30分交警部门在下行线K1713+500临时交通管制，现场1人受轻伤，无路产损失；现场查看后及时上报昭阳分处安全养护部及监控中心。该事故于2021年4月3日11时08分处理完毕，当班人员清理完路面垃圾，11时08分交警解除交通管制，道路恢复正常通行。
126,2021/4/18 22:20,6,银昆高速公路下行线K1671+740,1671740,其他,单车事故,0,0,0,15080,无,阴,平直,普通路段,失火,自然灾害,大型货车,,,干燥,防撞墙,2021年4月18日22时20分凉水井隧管站接交警电话通知下行线K1671+740处一辆运载香蕉拖挂车自燃，我所值班人员立即出动消防车对自燃车辆进行施救，交警于22时30分到达现场。现场一辆运载香蕉的拖挂车（车牌：鲁Q723FN，）由于轮胎自燃，引发运载货物着火，现场无人员伤亡，有路产损失。02时38分自燃车辆施救完毕。交通恢复正常通行。
127,2021/4/19 11:40,7,银昆高速公路凉水井隧道下行线K1674+000,1674000,财产损失事故,单车事故,0,0,0,,上高桥收费站、悦乐收费站、靖安收费站分流，下行线北闸隧道交通管制5个小时,晴,平直,隧道,失火,自然灾害,大型货车,,,干燥,其他防护设施,2021年4月19日11时40分凉水井隧管站接到监控值班人员电话通知凉水井隧道下行线K1674+000处一辆运载土豆拖挂车自燃，我所值班人员立即出动消防车对自燃车辆进行施救，因到达现场处火势无法得到控制，12时05分当班人员对隧道滞留人员进行疏散，交警于12时25分到达现场对主线车辆进行交通管制，13时45分自燃车辆已扑灭，14时00分当班人员进行到现场进行查看，一辆运载土豆的拖挂车（车牌：晋ADL596，）由于轮胎自燃，引发运载货物着火，现场无人员伤亡，有路产损失。18时20分自燃车辆施救完毕。交通恢复正常通行。
128,40:00.0,2,G85银昆高速上行线K1743+900M,1743900,伤人事故,两车事故,0,0,1,,23:22-06:59,阴,平直,普通路段,尾随相撞,其他操作不当,大型货车,大型货车,,潮湿,波形防撞护栏,2021年4月25日22时40分上高桥隧管站当班人员接北闸执勤点通知麻昭高速公路上行线K1743+900处（昭通北收费站至昭通收费站之间）发生一起两车追尾交通事故，当班人员于2021年4月25日23时22分到达事故现场，经现场查看：豫C N1636（拉载百货及染料的6轴货车）驾驶员操作不当追尾前车陕A W5067（8轴货车）造成交通事故，事故造成上下行线交通中断，1人受伤（已送医院救治）；由于施救困难，23时22分交警部门对上行线昭通北收费站出口进行分流，23时27分在下行线K1744+000处进行临时交通管制，有路产损失；交警、路政已到现场处理，现场查看后及时上报昭阳分处安全养护部及监控中心。经路政部门和现场人员核量损坏路产：1、上行线损坏波形护栏板（二波板）4块，2、上行线损坏防撞立柱4根，3、上行线损坏防阻块7个，4、下行线损坏波形护栏（二波板）4块，5、下行线损坏防撞立柱3根，6、下行线损坏防阻块3个，7、中央绿化树塔柏17颗，8、金叶女贞树苗长27.8米、宽1.4米，9、上行线损坏路沿石10米，10、上行线路面划痕长9米、宽3米，11、上行线路面损坏长84米、宽13米，下行线路面损坏长31米、宽13米，12、油料污染绿化带长27.8米、宽1.4米，13、下行线标线宽0.2米、长93米；下行线标线宽0.2米、长93米，14、上行线标线宽0.2米、长252米；上行线标线宽0.2米、长252米。该事故于2021年4月26日06时59分解除下行线交通管制，07时35分处理完毕，道路恢复正常通行。
129,30:00.0,7,G85银昆高速上行线K1707+040M,1707040,伤人事故,多车事故,0,0,1,,无,阴,一般坡,隧道,尾随相撞,其他操作不当,小型客车,小型客车,小型客车,干燥,防撞墙,2021年5月2日20时30分上高桥隧管站当班人员接交警四中队通知麻昭高速公路上行线K1707+040处发生一起三车追尾交通事故，当班人员于2021年5月2日20时56分到达现场，经现场查看：云C R6245（一型客车）驾驶员操作不当追尾前车云C 12B18（一型客车）和云C R3126（一型客车）造成交通事故，事故占用超车道，行车道可正常通行，未进行交通管制，现场1人受轻伤，已打电话通知就近医院进行救治，救护车于2021年5月2日21时26分到达现场施救；该事故无路产损失；现场查看后及时上报昭阳分处养护安全部及监控中心。该事故于2021年5月2日21时51分处理完毕，道路恢复正常通行。
130,00:00.0,7,G85银昆高速下行线K1718+800M,1718800,伤人事故,多车事故,0,0,3,,01:33-03:21,阴,平直,普通路段,尾随相撞,未与前方车辆保持安全距离,小型货车,小型客车,小型客车,干燥,波形防撞护栏,2021年5月2日01时00分接监控中心通知下行线K1718+800处（靖安收费站至上高桥收费站之间）发生交通事故，我班人员立即赶往事故现场，于01时33分到达事故现场，该事故是一起4车追尾事故，云CYD190一型货车侧翻导致交通中断，我班人员配合交警对下行线K1719+000、下行线K1733+300处北闸隧道入口（昭通北收费站至靖安收费站之间）进行临时交通管制，并对事故现场进行处理，其他车辆为：一型货车（黑A6HT96）、一型客车（川Q80A75）、一型客车（云A9R9E1），现场3人受伤，已送医院、侧翻一型货车所拉货物为电器，已上报昭阳分处养护安全部及监控中心，并通知路政，损坏路产：1.路面垃圾长8米、宽4米，2.路面刮痕长2米、宽0.7米。事故于03:21分交通事故处理完毕，道路恢复正常通行，管制点解除交通管制。
131,2021/5/6 20:23,4,银昆高速公路凉水井隧道出口下行线K1688+200,1688200,轻微事故,单车事故,0,0,0,,无,阴,平直,桥梁,失火,自然灾害,大型货车,,,干燥,防撞墙,2021年5月6日20时53分凉水井隧管站接到电话通知凉水井隧道下行线K1688+200处一辆130小货车自燃，我所值班人员立即出动消防车对自燃车辆进行施救，因现场火势较小，已被交警部门用隧道内灭火器扑灭，21时06分现场事故车辆被拖离，交通恢复正常通行。
132,10:00.0,7,G85银昆高速下行线K1714+200M,1714200,财产损失事故,两车事故,0,0,0,1950,无,阴,平直,普通路段,尾随相撞,未与前方车辆保持安全距离,小型货车,中型货车,,干燥,波形防撞护栏,2021年5月9日02时10分接交警通知下行线K1714+200处（靖安收费站至上高桥收费站之间）发生交通事故，我班人员于02时40分到达事故现场配合交警处理，该事故是一起1型货车（云G89987）追尾一辆三型货车（渝D93828），占用下行线K1714+200至K1713+800处行车道，超车道正常通行，靖安收费站至上高桥收费站之间，该事故无人员伤亡，有路产损坏，已上报昭阳分处养护安全部及监控中心。事故于04时19分处理完毕，道路恢复正常通行。损坏路产：1.路面油污长4米、宽1.2米，2.路面垃圾长7米、宽2.7米。
133,2021/5/12 13:10,3,银昆高速公路下行线K1670+350,1670350,轻微事故,单车事故,0,0,0,4500,无,晴,平直,普通路段,失火,自然灾害,大型货车,,,干燥,其他防护设施,2021年5月12日13时10分凉水井隧管站接到电话通知下行线K1670+350处一辆车牌为（蒙B92815）的五型货车，因轮胎发生爆胎导致车辆自燃。我站人员立即出动消防车进行救援，我站人员于13时30分赶往现场，交警已在现场。明火于13时45分扑灭，现场无人员伤亡、有路产损失。我站人员立即上报相关科室及监控中心。15时05分施救车辆到达现场，开始清理转移货物，17时59分自燃车辆已拖离现场，事故已处理完毕，摆放锥桶标示牌已收回，交通恢复正常通行
134,2021/5/12 17:42,3,银昆高速公路下行线K1671+300,1671300,轻微事故,单车事故,0,0,0,,无,阴,平直,普通路段,失火,自然灾害,中型货车,,,干燥,防撞墙,2021年5月13日17时42分凉水井隧管站接到电话通知下行线K1671+300处一辆车牌为（川B3ZM68）的一型货车，因喷水系统故障导致轮胎自燃。我站人员立即出动消防车进行救援，我站人员于17时47分赶往现场，交警已在现场。明火于17时48分扑灭，现场无人员伤亡、无路产损失。我站人员立即上报相关科室及监控中心。19时05分施救车辆到达现场，20时26分自燃车辆已驶离现场，交通恢复正常通行。
135,2021/5/14 9:06,5,银昆高速公路上行线KK1760+500M,1760500,财产损失事故,单车事故,0,0,0,,09:06-12：30,晴,平直,普通路段,撞固定物,制动不当,大型货车,,,干燥,波形防撞护栏,2021年5月14日09时06分，到现场时驾驶员未找到证件，驾驶员驾驶沪H7022号货车行驶在G85银昆高速麻昭段，09时06分许，行驶到银昆高速公路上行线KK1760+500M处时，因操作不当导致车辆撞击右侧波形护栏后侧翻，造成单方肇事交通事故，有路产损失，无人员伤亡，事故造成交通中断，中断时间：09时06分至12时30分。事故认定为:驾驶员制动不当。
136,05:00.0,5,G85银昆高速上行线K1708+800M,1708800,财产损失事故,单车事故,0,0,0,1350,无,阴,一般坡,隧道,侧面相撞,机件故障,小型货车,,,干燥,防撞墙,2021年5月14日10时05分当班人员巡查至上行线K1708+800处（悦乐收费站至上高桥收费站之间）发生一起单方肇事事故，经现场查看，该事故是一起1型货车（川A922LP）因前轴断裂撞向电缆沟邦造成交通事故，占用上行线K1708+600至K1708+800处行车道，超车道正常通行，悦乐收费站至上高桥收费站之间，该事故无人员伤亡，有路产损坏，已上报昭阳分处养护安全部及监控中心。事故于2021年5月14日11时20分处理完毕，道路恢复正常通行。损坏路产：1.路面油污长2.5米、宽2米，2.电缆沟邦长1米、高0.5米。
137,2021/5/14 12:58,5,银昆高速公路胡家湾子2号隧道上行线K1687+230,1687230,轻微事故,单车事故,0,0,0,,无,晴,平直,隧道,撞固定物,其他操作不当,小型客车,,,干燥,其他防护设施,2021年5月14日12时58分凉水井隧管站巡查至胡家湾子2号隧道上行线K1687+230处一辆车牌为（云A2622R）的一型客车，因注意力不集中发生单方肇事，停在超车道上，当班人员立即摆放锥桶及标示牌封闭超车道，交警已到现场处理，当班人员立即上报相关科室及监控中心，13时51分拖车到达现场，14时12分事故车辆已拖离现场收回已摆放锥桶标示牌，交通恢复正常通行。
